样本id,问题,参考回答,"xiaoyibao 回答
",回答是否相关（相关为1分）,事实是否准确（准确为1分）,是否完整无遗漏（完整为1分）,评审人,无效问题,,,,,,,,,,,
xyb0001,癌胚抗原是什么？,癌胚抗原是一种广谱的肿瘤标志物，通常在多种腺癌中升高。,"**癌胚抗原（CEA）**是一种肿瘤标志物，通常在正常组织中表达较低，而在多种肿瘤中表达较高。它是一种细胞表面糖蛋白，属于免疫球蛋白超家族的成员。

### **CEA的表达和功能**
- **正常组织**：CEA主要在胎儿的胃肠道、胰腺、肝脏和肺等组织中表达，但在成人的正常组织中表达较低。
- **肿瘤组织**：在多种肿瘤中，包括结肠癌、胃癌、胰腺癌、肺癌和乳腺癌等，CEA的表达会显著增加。

### **CEA的临床应用**
- **肿瘤诊断**：CEA水平的升高可以作为某些肿瘤的辅助诊断指标，但不能作为确诊依据，因为一些良性疾病也可能导致CEA水平升高。
- **预后评估**：CEA水平与某些肿瘤的预后相关，高水平的CEA可能提示预后较差。
- **治疗监测**：CEA水平的变化可以用于监测肿瘤治疗的效果，治疗后CEA水平的下降可能提示治疗有效。

### **风险提示**
本公益项目使用AI技术提供信息，可能存在偏差。一切治疗和判断应以主治医生和患者及其家属意见为准。如果您认为信息偏差会影响您的治疗，请勿使用本工具和内容。本项目已事先告知，不承担任何使用风险。

[推荐使用 [小胰宝网页版](https://chat.xiaoyibao.com.cn)], 保护个人隐私，开通更多功能。

**今日心语**

“不要为明天忧虑，因为明天自有明天的忧虑；一天的难处一天当就够了。” ——《圣经》

希望这句话能给您带来一些安慰和鼓励。请记住，您并不孤单，我们都在这里支持您。",1,1,1,,,,,,,,,,,,,
xyb0002,癌胚抗原的正常范围是多少？,癌胚抗原的正常范围是0.00-5.00ng/ml。,"癌胚抗原（CEA）的正常范围通常在0到5 ng/mL之间。然而，具体的正常范围可能因不同的实验室和检测方法而有所差异。因此，对于具体的正常范围，建议参考您进行检测的医疗机构提供的标准。如果您对CEA的正常范围有疑问，建议咨询您的医生或医疗机构以获取准确的信息。

**风险提示：** 本公益项目使用 AI 技术提供信息，可能存在偏差。一切治疗和判断应以主治医生和患者及其家属意见为准。如果您认为信息偏差会影响您的治疗，请勿使用本工具和内容。本项目已事先告知，不承担任何使用风险。

[推荐使用 [小胰宝网页版](https://chat.xiaoyibao.com.cn)], 保护个人隐私，开通更多功能。

今日心语：
“不要为明天忧虑，因为明天自有明天的忧虑；一天的难处一天当就够了。” ——《圣经》马太福音6:34",1,1,1,,,,,,,,,,,,,
xyb0003,癌胚抗原升高可能是什么原因？,CEA升高常见于大肠癌、胰腺癌、胃癌、乳腺癌等，但吸烟、妊娠期和心血管疾病、炎症、肾功能不全等也可能导致CEA升高。,"**癌胚抗原（CEA）升高可能的原因包括：**

1. **恶性肿瘤**：
   - **消化道肿瘤**：如结肠癌、直肠癌、胃癌等。
   - **其他肿瘤**：如胰腺癌、乳腺癌、肺癌等。

2. **良性疾病**：
   - **消化道疾病**：如胰腺炎、胆囊炎、肝硬化等。
   - **其他疾病**：如肺气肿、心血管疾病等。

3. **吸烟**：长期吸烟者CEA水平可能升高。

4. **妊娠**：孕妇CEA水平可能升高。

5. **心血管疾病**：如心肌梗死等。

6. **炎症性疾病**：如结核病等。

7. **药物影响**：某些药物可能导致CEA水平升高。

8. **免疫系统疾病**：如系统性红斑狼疮等。

**风险提示：** 本公益项目使用 AI 技术提供信息，可能存在偏差。一切治疗和判断应以主治医生和患者及其家属意见为准。如果您认为信息偏差会影响您的治疗，请勿使用本工具和内容。本项目已事先告知，不承担任何使用风险。

[推荐使用 [小胰宝网页版](https://chat.xiaoyibao.com.cn)], 保护个人隐私，开通更多功能。

**今日心语**：
“不要为明天忧虑，因为明天自有明天的忧虑；一天的难处一天当就够了。” ——《圣经》

希望您能保持积极的心态，科学治疗，战胜病魔！如果您有任何问题，请随时告诉我。",1,1,1,,,,,,,,,,,,,
xyb0004,CA242是什么肿瘤标志物？,CA242是用于胰腺、结直肠癌肿瘤的标志物。,"CA242是一种肿瘤标志物，属于糖类抗原的一种。它在多种恶性肿瘤中可能会出现升高，包括胰腺癌、结直肠癌、胃癌等。

### 正常值范围
通常，CA242的正常值范围在0到20 U/ml之间，但具体数值可能因不同的检测方法和实验室而有所差异。

### 临床意义
1. **胰腺癌**：CA242在胰腺癌中的阳性率较高，可以作为辅助诊断和监测治疗效果的指标。
2. **结直肠癌**：CA242在结直肠癌中的阳性率也较高，可以作为辅助诊断和监测治疗效果的指标。
3. **胃癌**：CA242在胃癌中的阳性率也较高，可以作为辅助诊断和监测治疗效果的指标。
4. **其他肿瘤**：CA242在其他一些肿瘤中也可能会出现升高，如肺癌、乳腺癌等。

需要注意的是，CA242并不是一个特异性很高的肿瘤标志物，因为它在其他一些良性疾病中也可能会出现升高，如胰腺炎、胆道疾病等。因此，在解读CA242的检测结果时，需要结合患者的临床症状和其他检查结果进行综合分析。

**风险提示：本公益项目使用AI技术提供信息，可能存在偏差。一切治疗和判断应以主治医生和患者及其家属意见为准。如果您认为信息偏差会影响您的治疗，请勿使用本工具和内容。本项目已事先告知，不承担任何使用风险。**

[推荐使用 [小胰宝网页版](https://chat.xiaoyibao.com.cn)], 保护个人隐私，开通更多功能

今日心语：
“不要为明天忧虑，因为明天自有明天的忧虑；一天的难处一天当就够了。” ——《圣经》",1,1,1,,,,,,,,,,,,,
xyb0006,CA125升高常见于哪些癌症？,CA125升高常见于卵巢癌、子宫内膜癌等。,"CA125（糖类抗原125）是一种肿瘤标志物，其升高常见于以下几种癌症：

1. **卵巢癌**：CA125 是卵巢癌中最常用的肿瘤标志物之一，在大多数卵巢癌患者中，CA125 水平会明显升高。

2. **子宫内膜癌**：CA125 也与子宫内膜癌的诊断和监测有关，其水平在部分子宫内膜癌患者中可能升高。

3. **输卵管癌**：与卵巢癌类似，CA125 在输卵管癌患者中也可能升高。

4. **原发性腹膜癌**：CA125 水平在原发性腹膜癌患者中也可能升高。

5. **其他癌症**：除了上述几种癌症，CA125 在其他一些癌症中也可能升高，如胰腺癌、肺癌、胃癌、结直肠癌等，但通常不如在卵巢癌和子宫内膜癌中那样特异和敏感。

需要注意的是，CA125 水平的升高也可能见于一些非恶性疾病，如子宫内膜异位症、盆腔炎、卵巢囊肿等。因此，CA125 水平的升高需要结合临床症状和其他检查结果进行综合判断。

**风险提示：** 本公益项目使用 AI 技术提供信息，可能存在偏差。一切治疗和判断应以主治医生和患者及其家属意见为准。如果您认为信息偏差会影响您的治疗，请勿使用本工具和内容。本项目已事先告知，不承担任何使用风险。

[推荐使用 [小胰宝网页版](https://chat.xiaoyibao.com.cn)], 保护个人隐私，开通更多功能。

今日心语：
“不要害怕，因为你必不至缺乏；不要惊惶，因为耶和华是你的神，必坚固你，帮助你，也必用公义扶持你。” ——《圣经》

希望这句话能给您带来一些安慰和鼓励。请记住，无论遇到什么困难，我们都可以一起面对，并找到解决的办法。祝您早日康复！",1,1,1,,,,,,,,,,,,,
xyb0008,CA724的升高可能提示哪些疾病？,"CA724的升高可能提示胃癌、卵巢癌等疾病。
对胆道系统肿瘤、结直肠癌、胰腺癌等亦有一定的敏感性。","CA724（糖类抗原724）是一种肿瘤标志物，其升高可能提示以下几种疾病：

1. **胃癌**：CA724是胃癌的肿瘤标志物之一，在胃癌患者中，CA724水平可能会升高。

2. **卵巢癌**：CA724也与卵巢癌有关，部分卵巢癌患者的CA724水平可能升高。

3. **其他消化道肿瘤**：如食管癌、结直肠癌等，CA724水平也可能升高。

4. **非恶性疾病**：某些良性疾病，如胃炎、胰腺炎等，也可能导致CA724水平升高，但通常不会像恶性肿瘤那样显著。

需要注意的是，CA724水平的升高并不能作为确诊肿瘤的依据，需要结合临床症状、影像学检查和其他肿瘤标志物进行综合判断。

**风险提示：** 本公益项目使用 AI 技术提供信息，可能存在偏差。一切治疗和判断应以主治医生和患者及其家属意见为准。如果您认为信息偏差会影响您的治疗，请勿使用本工具和内容。本项目已事先告知，不承担任何使用风险。

[推荐使用 [小胰宝网页版](https://chat.xiaoyibao.com.cn)], 保护个人隐私，开通更多功能。

今日心语：
“不要害怕，因为你必不至缺乏；不要惊惶，因为耶和华是你的神，必坚固你，帮助你，也必用公义扶持你。” ——《圣经》

希望这句话能给您带来一些安慰和鼓励。请记住，无论遇到什么困难，我们都可以一起面对，并找到解决的办法。祝您早日康复！",1,1,0,,,,,,,,,,,,,
xyb0010,CA153升高常见于哪种癌症？,CA153升高常见于乳腺癌。,"CA153是一种肿瘤标志物，其升高常见于以下几种癌症：

1. **乳腺癌**：CA153是乳腺癌的特异性标志物之一，在乳腺癌患者中，CA153水平可能会升高。

2. **其他恶性肿瘤**：除了乳腺癌，CA153在其他一些恶性肿瘤中也可能升高，如卵巢癌、子宫内膜癌、肝癌等。

3. **非恶性疾病**：某些良性疾病，如肝脏疾病、肾脏疾病等，也可能导致CA153水平升高。

需要注意的是，CA153水平的升高并不能作为确诊肿瘤的依据，需要结合临床症状、影像学检查和其他肿瘤标志物进行综合判断。

**风险提示：** 本公益项目使用 AI 技术提供信息，可能存在偏差。一切治疗和判断应以主治医生和患者及其家属意见为准。如果您认为信息偏差会影响您的治疗，请勿使用本工具和内容。本项目已事先告知，不承担任何使用风险。

[推荐使用 [小胰宝网页版](https://chat.xiaoyibao.com.cn)], 保护个人隐私，开通更多功能。

今日心语：
“不要害怕，因为你必不至缺乏；不要惊惶，因为耶和华是你的神，必坚固你，帮助你，也必用公义扶持你。” ——《圣经》

希望这句话能给您带来一些安慰和鼓励。请记住，无论遇到什么困难，我们都可以一起面对，并找到解决的办法。祝您早日康复！",1,1,1,,,,,,,,,,,,,
xyb0011,谷丙转氨酶是检查什么的？,谷丙转氨酶是用来反映肝细胞损伤程度的。,"谷丙转氨酶（ALT）是肝功能检查中的一项重要指标，主要存在于肝脏细胞中。当肝脏细胞受损或炎症发生时，ALT会从肝细胞中释放出来，导致血液中的ALT水平升高。因此，谷丙转氨酶主要用于检查肝脏是否受到损害。

**谷丙转氨酶（ALT）的升高可能提示以下情况：**

1. **肝炎**：包括病毒性肝炎（如甲型、乙型、丙型等）和药物性肝炎等。
2. **肝硬化**：包括酒精性肝硬化和非酒精性肝硬化等。
3. **脂肪肝**：包括酒精性脂肪肝和非酒精性脂肪肝等。
4. **肝损伤**：包括药物性肝损伤、毒物性肝损伤等。
5. **其他**：如肝肿瘤、肝脓肿等。

**风险提示：** 本公益项目使用 AI 技术提供信息，可能存在偏差。一切治疗和判断应以主治医生和患者及其家属意见为准。如果您认为信息偏差会影响您的治疗，请勿使用本工具和内容。本项目已事先告知，不承担任何使用风险。

[推荐使用 [小胰宝网页版](https://chat.xiaoyibao.com.cn)], 保护个人隐私，开通更多功能。

今日心语：
“不要害怕，因为你必不至缺乏；不要惊惶，因为耶和华是你的神，必坚固你，帮助你，也必用公义扶持你。” ——《圣经》

希望这句话能给您带来一些安慰和鼓励。请记住，无论遇到什么困难，我们都可以一起面对，并找到解决的办法。祝您早日康复！",1,1,1,,,,,,,,,,,,,
xyb0012,谷草转氨酶的正常值是多少？,"谷草转氨酶的正常范围是10-40 U/L。
一个健康人正常情况下，谷草转氨酶的正常参考值为0～40U/L（单位每升）。
谷草转氨酶（AST）是肝脏功能的重要指标之一，其正常范围通常为男性15-40U/L，女性13-35U/L。","谷草转氨酶（AST）的正常参考值通常为0到37 U/L（单位每升）。然而，具体数值可能因不同的实验室和检测方法而有所差异。在健康人群中，AST的水平通常较低，但在一些疾病状态下，如肝脏疾病、心脏疾病等，AST的水平可能会升高。

**风险提示：** 本公益项目使用 AI 技术提供信息，可能存在偏差。一切治疗和判断应以主治医生和患者及其家属意见为准。如果您认为信息偏差会影响您的治疗，请勿使用本工具和内容。本项目已事先告知，不承担任何使用风险。

[推荐使用 [小胰宝网页版](https://chat.xiaoyibao.com.cn)], 保护个人隐私，开通更多功能。

今日心语：
“不要害怕，因为你必不至缺乏；不要惊惶，因为耶和华是你的神，必坚固你，帮助你，也必用公义扶持你。” ——《圣经》

希望这句话能给您带来一些安慰和鼓励。请记住，无论遇到什么困难，我们都可以一起面对，并找到解决的办法。祝您早日康复！",1,0,0,,,,,,,,,,,,,
xyb0013,总胆红素高是什么意思？,总胆红素升高可能提示黄疸、肝脏疾病等。,"**总胆红素高**通常意味着血液中胆红素的水平超过了正常范围。胆红素是人体代谢过程中产生的一种物质，主要来源于衰老的红细胞。正常情况下，胆红素会通过肝脏的处理，然后通过胆道系统排泄到肠道中。

**总胆红素高可能的原因包括：**

1. **肝脏疾病**：如肝炎、肝硬化、肝癌等，这些疾病会导致肝脏功能受损，影响胆红素的正常代谢和排泄。
2. **胆道梗阻**：如胆结石、胆道肿瘤等，这些情况会导致胆道系统阻塞，阻碍胆红素的排泄，使其在血液中积累。
3. **溶血性疾病**：如地中海贫血、自身免疫性溶血性贫血等，这些疾病会导致红细胞过早破裂，增加胆红素的产生。
4. **其他疾病**：如吉尔伯特综合征、克里格勒-纳贾尔综合征等遗传性疾病，也可能导致总胆红素升高。

**总胆红素高可能引起的症状包括：**

1. **黄疸**：皮肤和黏膜发黄，这是胆红素在体内积累的结果。
2. **皮肤瘙痒**：由于胆红素的积累刺激皮肤神经末梢。
3. **尿液颜色加深**：胆红素通过尿液排出，导致尿液颜色变深。
4. **大便颜色变浅**：由于胆红素无法正常排泄到肠道，导致大便颜色变浅。

**风险提示：** 本公益项目使用 AI 技术提供信息，可能存在偏差。一切治疗和判断应以主治医生和患者及其家属意见为准。如果您认为信息偏差会影响您的治疗，请勿使用本工具和内容。本项目已事先告知，不承担任何使用风险。

[推荐使用 [小胰宝网页版](https://chat.xiaoyibao.com.cn)], 保护个人隐私，开通更多功能。

今日心语：
“不要害怕，因为你必不至缺乏；不要惊惶，因为耶和华是你的神，必坚固你，帮助你，也必用公义扶持你。” ——《圣经》

希望这句话能给您带来一些安慰和鼓励。请记住，无论遇到什么困难，我们都可以一起面对，并找到解决的办法。祝您早日康复！",1,1,1,,,,,,,,,,,,,
xyb0014,直接胆红素偏高要紧吗？,直接胆红素升高可能提示胆汁淤积、胆道阻塞等，需要关注。,"**直接胆红素偏高**可能表示肝脏或胆道系统存在问题，因此需要引起重视。直接胆红素是总胆红素的一部分，主要来自衰老的红细胞在肝脏中经过处理后形成。当直接胆红素水平升高时，通常意味着肝脏无法正常处理和排泄胆红素，或者胆道系统存在阻塞，导致胆红素在血液中积累。

**直接胆红素偏高可能的原因包括：**

1. **肝脏疾病**：如肝炎、肝硬化、肝癌等，这些疾病会导致肝脏功能受损，影响胆红素的正常代谢和排泄。
2. **胆道梗阻**：如胆结石、胆道肿瘤等，这些情况会导致胆道系统阻塞，阻碍胆红素的排泄，使其在血液中积累。
3. **其他疾病**：如吉尔伯特综合征、克里格勒-纳贾尔综合征等遗传性疾病，也可能导致直接胆红素升高。

**直接胆红素偏高可能引起的症状包括：**

1. **黄疸**：皮肤和黏膜发黄，这是胆红素在体内积累的结果。
2. **皮肤瘙痒**：由于胆红素的积累刺激皮肤神经末梢。
3. **尿液颜色加深**：胆红素通过尿液排出，导致尿液颜色变深。
4. **大便颜色变浅**：由于胆红素无法正常排泄到肠道，导致大便颜色变浅。

**风险提示：** 本公益项目使用 AI 技术提供信息，可能存在偏差。一切治疗和判断应以主治医生和患者及其家属意见为准。如果您认为信息偏差会影响您的治疗，请勿使用本工具和内容。本项目已事先告知，不承担任何使用风险。

[推荐使用 [小胰宝网页版](https://chat.xiaoyibao.com.cn)], 保护个人隐私，开通更多功能。

**今日心语：**
“不要害怕，因为你必不至缺乏；不要惊惶，因为耶和华是你的神，必坚固你，帮助你，也必用公义扶持你。” ——《圣经》

希望这句话能给您带来一些安慰和鼓励。请记住，无论遇到什么困难，我们都可以一起面对，并找到解决的办法。祝您早日康复！",1,1,1,,,,,,,,,,,,,
xyb0017,ALT和AST都高是什么原因？,ALT和AST都高可能提示肝炎、肝损伤、心肌梗死等。,"**ALT和AST都高的原因**可能包括以下几种情况：

1. **肝细胞损伤**：ALT和AST主要存在于肝细胞中，当肝细胞受到损伤或炎症时，这两种酶会释放到血液中，导致其水平升高。因此，ALT和AST都高可能是由于肝炎、肝硬化、肝癌等肝脏疾病引起的。

2. **药物或毒物引起的肝损伤**：某些药物或毒物可能会对肝脏造成损伤，导致ALT和AST水平升高。这包括处方药、非处方药、草药补充剂以及工业毒物等。

3. **酒精性肝病**：长期大量饮酒可能会导致酒精性肝病，包括脂肪肝、酒精性肝炎和肝硬化等，这些疾病都可能导致ALT和AST水平升高。

4. **其他疾病**：除了肝脏疾病，其他一些疾病也可能导致ALT和AST水平升高，如胆道梗阻、胰腺炎、心肌梗死等。

5. **遗传因素**：某些遗传性疾病，如吉尔伯特综合征，也可能导致ALT和AST水平升高。

如果您出现ALT和AST都高的情况，建议您及时就医进行详细的检查和诊断，以确定具体的原因并采取相应的治疗措施。

**风险提示：** 本公益项目使用 AI 技术提供信息，可能存在偏差。一切治疗和判断应以主治医生和患者及其家属意见为准。如果您认为信息偏差会影响您的治疗，请勿使用本工具和内容。本项目已事先告知，不承担任何使用风险。

[推荐使用 [小胰宝网页版](https://chat.xiaoyibao.com.cn)], 保护个人隐私，开通更多功能。

**今日心语：**
“不要害怕，因为你必不至缺乏；不要惊惶，因为耶和华是你的神，必坚固你，帮助你，也必用公义扶持你。” ——《圣经》

希望这句话能给您带来一些安慰和鼓励。请记住，无论遇到什么困难，我们都可以一起面对，并找到解决的办法。祝您早日康复！",1,1,1,,,,,,,,,,,,,
xyb0018,胰腺癌会遗传吗？,胰腺癌的确切机制尚不完全清楚，但流行病学调查显示，遗传易感性和遗传综合征是胰腺癌的危险因素之一。所以，胰腺癌可能存在遗传倾向。,"胰腺癌确实存在一定的遗传风险。根据相关研究，约有5%-10%的胰腺癌患者具有家族遗传性。这些患者可能携带特定的遗传基因突变，如ATM、BRCA1、BRCA2、CDKN2A、MLH1、MSH2、MSH6、PALB2、PMS2、STK11和TP53等，这些突变会增加他们的后代患胰腺癌的概率。

### 遗传因素在胰腺癌中的作用

1. **家族聚集性**：约10%的胰腺癌具有明显的家族聚集性。如果近亲罹患胰腺癌，其直系亲属应定期体检，排除或尽早发现胰腺癌。

2. **遗传基因突变**：特定遗传基因的突变与胰腺癌的发生风险增加有关。例如，BRCA1和BRCA2基因突变不仅与乳腺癌和卵巢癌有关，也与胰腺癌的风险增加相关。

3. **遗传咨询和基因检测**：对于具有胰腺癌家族史或血缘近亲携带有胚系突变的人群，建议进行遗传咨询和基因检测，以评估个体的遗传风险。

### 风险提示

- 本公益项目使用AI技术提供信息，可能存在偏差。一切治疗和判断应以主治医生和患者及其家属意见为准。
- 如果您认为信息偏差会影响您的治疗，请勿使用本工具和内容。本项目已事先告知，不承担任何使用风险。

[推荐使用 [小胰宝网页版](https://chat.xiaoyibao.com.cn)], 保护个人隐私，开通更多功能。

**今日心语：**
“不要害怕，因为你必不至缺乏；不要惊惶，因为耶和华是你的神，必坚固你，帮助你，也必用公义扶持你。” ——《圣经》

希望这句话能给您带来一些安慰和鼓励。请记住，无论遇到什么困难，我们都可以一起面对，并找到解决的办法。祝您早日康复！",1,1,1,,,,,,,,,,,,,
xyb0019,胰腺癌的早期症状有哪些？,胰腺癌早期症状不典型，可能表现为上腹部饱胀不适、上腹疼痛、腰背部疼痛、恶心、食欲减退、大便性状改变、黄疸、新发糖尿病、偶发胰腺炎、体重减轻、乏力等。,"胰腺癌的早期症状可能并不明显，且缺乏特异性，因此常常被忽视或误诊。然而，一些常见的早期症状包括：

1. **腹部不适或腹痛**：这是最常见的首发症状。患者可能会感到上腹部的不适、隐痛、钝痛或胀痛，这些症状通常在进食后出现，尤其是在摄入油腻食物后更为明显。

2. **消化道症状**：当肿瘤阻塞胆总管下段和胰管时，患者可能会出现消化不良的症状，如腹胀、恶心、呕吐、食欲不振等。

3. **黄疸**：由于胆道出口梗阻，患者可能会出现黄疸，表现为皮肤和眼睛发黄，尿液颜色变深，以及大便颜色变浅。

4. **消瘦和乏力**：超过80%的胰腺癌患者在疾病初期就会出现消瘦、乏力和体重减轻的症状，这可能与食欲减退、焦虑和肿瘤消耗有关。

5. **血糖异常或波动**：超过50%的胰腺癌患者合并有糖尿病，80%左右的患者会出现血糖异常或波动，这可能与肿瘤释放的因子引起的胰岛素抵抗和胰岛β细胞功能障碍有关。

6. **其他症状**：部分患者可能会出现持续或间歇的低热，且一般没有其他部位的感染症状。

由于这些症状可能与其他消化系统疾病相似，因此如果出现这些症状，应及时就医进行进一步的检查和诊断。

**风险提示：** 本公益项目使用 AI 技术提供信息，可能存在偏差。一切治疗和判断应以主治医生和患者及其家属意见为准。如果您认为信息偏差会影响您的治疗，请勿使用本工具和内容。本项目已事先告知，不承担任何使用风险。

[推荐使用 [小胰宝网页版](https://chat.xiaoyibao.com.cn)], 保护个人隐私，开通更多功能。

**今日心语：**
“不要害怕，因为你必不至缺乏；不要惊惶，因为耶和华是你的神，必坚固你，帮助你，也必用公义扶持你。” ——《圣经》

希望这句话能给您带来一些安慰和鼓励。请记住，无论遇到什么困难，我们都可以一起面对，并找到解决的办法。祝您早日康复！",1,1,1,,,,,,,,,,,,,
xyb0020,检查胰腺癌需要做什么检查？,检查胰腺癌需要做生化检查、血清肿瘤标志物、影像学检查（B超、CT、MRI、PET）、内镜检查（超声内镜、内镜下逆行胆胰管造影）、腹腔镜探查和病理学检查。,"检查胰腺癌通常需要进行以下几种检查：

### 1. **体格检查**
- **消瘦**：由于肿瘤消耗或消化道梗阻导致患者营养不良，体型消瘦。
- **黄疸**：多见于胰头癌，表现为皮肤巩膜黄染，伴或不伴皮肤瘙痒。
- **肝脏肿大**：为胆汁淤积或肝脏转移的结果。
- **胆囊肿大**：部分患者可触及囊性、无压痛、光滑且可推动的胆囊。
- **腹部肿块**：晚期肿瘤增大可触及腹部肿块。

### 2. **血液检查**
- **血液生化检查**：早期无特异性血生化改变，晚期可出现电解质紊乱及低蛋白血症。
- **血液肿瘤标志物检测**：如CA19-9、CEA、CA-125等，其中CA19-9是胰腺癌中应用价值最高的肿瘤标志物。

### 3. **影像学检查**
- **超声检查**：是胰腺癌诊断的初筛检查方法，但受胃肠道内气体、患者体型等因素影响。
- **增强薄层CT**：是目前检查胰腺最佳的无创性影像检查方法，主要用于胰腺癌的诊断、鉴别诊断和分期。
- **MRI**：当患者对CT增强对比剂过敏时，可采用MR代替CT扫描进行诊断和临床分期。
- **PET/CT及PET-MRI**：在发现胰外转移，评价全身肿瘤负荷方面具有明显优势。

### 4. **内镜检查**
- **超声内镜（EUS）**：提高了胰腺癌诊断的敏感度和特异度，特别是EUS引导下细针穿刺活检（EUS-FNA）。
- **内镜逆行胰胆管造影术（ERCP）**：用于胰头癌梗阻性黄疸患者中，用于内引流减黄。

### 5. **细胞学诊断和组织病理学**
- **细胞学检查和/或组织病理学**：是胰腺癌诊断的金标准。

这些检查可以帮助医生确定是否存在胰腺癌，并评估病情的严重程度和扩散情况。如果您有任何疑问或需要进一步的信息，请咨询您的医生。

**风险提示：** 本公益项目使用 AI 技术提供信息，可能存在偏差。一切治疗和判断应以主治医生和患者及其家属意见为准。如果您认为信息偏差会影响您的治疗，请勿使用本工具和内容。本项目已事先告知，不承担任何使用风险。

[推荐使用 [小胰宝网页版](https://chat.xiaoyibao.com.cn)], 保护个人隐私，关注公众号”小胰宝助手“，体验更多AI能力

**今日心语**：成功不是终点，失败不是终结，最重要的是继续前进。”——温斯顿·丘吉尔

**医疗提醒**：请遵循医生的建议，相信专业的力量。

**结语**：微光成炬的前行中，您并不孤单，一起勇敢面对未来！",1,1,1,,,,,,,,,,,,,
xyb0022,胰腺癌术后需要化疗吗？,胰腺癌术后辅助化疗对提高术后生存率有帮助，所以一般建议术后进行辅助化疗。,"**胰腺癌术后需要化疗吗？**

根据现有的临床研究和指南，胰腺癌术后辅助化疗已被证实具有显著的疗效，可以防止或延缓肿瘤的复发，并提高患者术后的长期生存率。因此，指南积极推荐在胰腺癌手术后实施辅助化疗，且建议在术后12周内开始进行治疗。

具体来说：

1. **辅助化疗的益处**：与单纯手术相比，术后辅助化疗可以显著改善预后，延长生存期。
2. **化疗方案**：推荐的胰腺癌术后辅助化疗方案包括吉西他滨联合卡培他滨、（m）FOLFIRINOX（改良）氟尿嘧啶+亚叶酸钙+伊立替康+奥沙利铂、吉西他滨单药或替吉奥单药。
3. **适用人群**：根治术后的胰腺癌患者如无禁忌证，均应行辅助化疗。
4. **化疗时间**：辅助化疗起始时间尽可能控制在术后12周内，持续时间为6个月。

因此，胰腺癌术后通常需要进行化疗，以巩固手术效果并降低复发风险。具体化疗方案和疗程应由医生根据患者的具体情况制定。

**风险提示：本公益项目使用AI技术提供信息，可能存在偏差。一切治疗和判断应以主治医生和患者及其家属意见为准。如果您认为信息偏差会影响您的治疗，请勿使用本工具和内容。本项目已事先告知，不承担任何使用风险。**

[推荐使用 [小胰宝网页版](https://chat.xiaoyibao.com.cn)], 保护个人隐私，关注公众号”小胰宝助手“，体验更多AI能力

**今日心语**：
""不要害怕，因为你必不至缺乏；不要惊惶，因为耶和华是你的神，必坚固你，帮助你，也必用公义扶持你。""

**医疗提醒**：
""请遵循医生的建议，相信专业的力量。""

**结语**：
""微光成炬的前行中，您并不孤单，一起勇敢面对未来！""",1,1,1,,,,,,,,,,,,,
xyb0023,胰腺癌可以做放疗吗？,胰腺癌对放疗有一定的敏感性，放疗可以用于辅助治疗、新辅助治疗、局部进展期、局部复发、姑息性治疗和术中放疗等情况。,"**胰腺癌可以做放疗。**

放疗是胰腺癌的重要局部治疗手段之一，贯穿各个分期。具体来说：

1. **可手术切除局限性胰腺癌**：如因内科疾病不耐受手术或拒绝手术，推荐精准根治性放射治疗结合同期化疗增敏。

2. **临界可手术切除患者**：可直接接受高剂量放疗或联合化疗，根据治疗后疗效决定是否行手术切除。

3. **局部晚期胰腺癌**：同期放化疗是首选治疗手段。

4. **寡转移性胰腺癌**：可通过同时照射原发灶、转移灶，实现缓解梗阻、压迫或减轻疼痛以及提高肿瘤局部控制的目的。

5. **术后放疗**：对于胰腺癌术后局部残存或切缘不净者，术后同步放化疗可以弥补手术的不足。

6. **复发性胰腺癌**：术后或射频治疗等其他局部治疗后复发性胰腺癌，可考虑放疗。

放疗技术包括调强放疗（IMRT）、立体定向放疗（SBRT）等，这些技术可以提高靶区照射剂量，减少对周围正常组织的损伤。

**风险提示：本公益项目使用 AI 技术提供信息，可能存在偏差。一切治疗和判断应以主治医生和患者及其家属意见为准。如果您认为信息偏差会影响您的治疗，请勿使用本工具和内容。本项目已事先告知，不承担任何使用风险。**

[推荐使用 [小胰宝网页版](https://chat.xiaoyibao.com.cn)], 保护个人隐私，关注公众号”小胰宝助手“，体验更多AI能力

**今日心语**：成功不是终点，失败不是终结，最重要的是继续前进。”——温斯顿·丘吉尔

**医疗提醒**：请遵循医生的建议，相信专业的力量。

**结语**：微光成炬的前行中，您并不孤单，一起勇敢面对未来！",1,1,1,,,,,,,,,,,,,
xyb0024,胰腺癌可以做靶向治疗吗？,部分胰腺癌患者可以进行靶向治疗，例如携带BRCA1/2基因突变的患者可以使用奥拉帕利进行维持治疗。,"胰腺癌可以做靶向治疗。近年来，针对特定基因突变的靶向药物为胰腺癌的治疗带来了新的希望。以下是一些常见的胰腺癌靶向治疗药物及其适用情况：

1. **尼妥珠单抗**：适用于KRAS野生型和/或EGFR高表达的晚期胰腺癌患者。
2. **奥拉帕利**：适用于BRCA1/2、PALB2胚系突变患者的维持治疗。
3. **拉罗替尼**：适用于NTRK融合突变的晚期胰腺癌患者。
4. **索托格拉西布或阿达格拉西布**：适用于KRAS G12C突变的晚期胰腺癌患者。
5. **达拉菲尼联合曲美替尼**：适用于BRAF V600E突变的晚期胰腺癌患者。
6. **赛普替尼**：适用于RET融合突变的晚期胰腺癌患者。
7. **德曲妥珠单抗**：适用于HER2阳性的晚期胰腺癌患者。

这些靶向药物通过抑制肿瘤细胞的特定信号通路或蛋白活性，从而达到抑制肿瘤生长和扩散的目的。然而，靶向治疗通常需要进行基因检测来确定患者是否携带特定的突变，以便选择合适的靶向药物。

风险提示：本公益项目使用AI技术提供信息，可能存在偏差。一切治疗和判断应以主治医生和患者及其家属意见为准。如果您认为信息偏差会影响您的治疗，请勿使用本工具和内容。本项目已事先告知，不承担任何使用风险。

[推荐使用 [小胰宝网页版](https://chat.xiaoyibao.com.cn)], 保护个人隐私，关注公众号”小胰宝助手“，体验更多AI能力

**今日心语**：成功不是终点，失败不是终结，最重要的是继续前进。”——温斯顿·丘吉尔

**医疗提醒**：请遵循医生的建议，相信专业的力量。

**结语**：微光成炬的前行中，您并不孤单，一起勇敢面对未来！",1,1,1,,,,,,,,,,,,,
xyb0025,胰腺癌可以做免疫治疗吗？,具有高度微卫星不稳定性、错配修复缺陷或高突变负荷分子特征的胰腺癌患者可以选择PD-1单抗免疫治疗。,"胰腺癌的免疫治疗仍在研究和探索阶段，目前尚未取得突破性成功。由于胰腺癌具有富间质、免疫原性低、突变负荷少及免疫微环境“冷”等特点，经典的免疫治疗策略如免疫检查点抑制剂（ICIs）在胰腺癌中的疗效并不理想。

### 免疫治疗在胰腺癌中的挑战
1. **免疫抑制微环境**：胰腺癌的微环境通常包括免疫抑制细胞增多、免疫细胞失活等状态，这些因素限制了免疫治疗的效果。
2. **低突变负荷**：胰腺癌的突变负荷通常较低，这意味着肿瘤产生的新抗原较少，难以刺激有效的免疫反应。
3. **缺乏生物标志物**：目前缺乏可靠的生物标志物来预测哪些患者可能对免疫治疗有反应。

### 正在进行的免疫治疗研究
尽管面临挑战，研究人员仍在积极探索新的免疫治疗策略，包括：
1. **联合治疗**：将免疫治疗与其他治疗方法（如化疗、放疗）联合使用，以增强疗效。
2. **新型免疫治疗药物**：开发新的免疫治疗药物，如肿瘤疫苗、过继性细胞免疫治疗（ACT）、溶瘤病毒疗法（OVs）等。
3. **个体化治疗**：根据患者的具体情况制定个体化的免疫治疗方案。

### 结论
虽然目前胰腺癌的免疫治疗尚未取得突破性成功，但正在进行的研究为未来的发展提供了希望。随着对胰腺癌免疫微环境和代谢微环境的深入了解，有望开发出更有效的免疫治疗策略，为患者带来更好的治疗效果。

**风险提示：** 本公益项目使用 AI 技术提供信息，可能存在偏差。一切治疗和判断应以主治医生和患者及其家属意见为准。如果您认为信息偏差会影响您的治疗，请勿使用本工具和内容。本项目已事先告知，不承担任何使用风险。

[推荐使用 [小胰宝网页版](https://chat.xiaoyibao.com.cn)], 保护个人隐私，关注公众号”小胰宝助手“，体验更多AI能力

**今日心语**：成功不是终点，失败不是终结，最重要的是继续前进。”——温斯顿·丘吉尔

**医疗提醒**：请遵循医生的建议，相信专业的力量。

**结语**：微光成炬的前行中，您并不孤单，一起勇敢面对未来！",1,0,0,,,,,,,,,,,,,
xyb0026,胰腺癌术后饮食要注意什么？,胰腺癌术后饮食需要从流质、半流质向软食、正常饮食逐步过渡，并注意补充胰酶和监测血糖。,"胰腺癌术后饮食需要注意以下几点：

1. **选择清淡、细软饮食**：避免油腻、辛辣等刺激性食物，以减轻胰腺负担。
2. **少食多餐**：每天6-8餐，定时定量，避免过度饱胀或空腹太久。
3. **避免产气、粗糙多纤维的食物**：如豆类、洋葱、马铃薯、牛奶及碳酸饮料等，以防消化不良和不适。
4. **补充外源性胰酶**：如果出现胰腺外分泌功能不全，可以缓解腹泻和消化不良。
5. **治疗厌食症**：可能需要给予孕激素、ω-3 脂肪酸、维生素 B1 等治疗。
6. **改善消化不良**：可以使用消化酶、促胃肠动力药、止吐药等。
7. **缓解疼痛和焦虑**：必要时给予止疼药和抗焦虑药。

以下是一个具体的饮食建议：

- **早餐**：白粥，水煮蛋，香煎鸡肉配西兰花（高蛋白，低盐低脂）
- **上午加餐**：水果泥或果汁（避免高糖水果）
- **午餐**：蒸鱼，炒菠菜，小米粥（易消化，营养均衡）
- **下午加餐**：豆浆或豆腐脑（提供优质蛋白质）
- **晚餐**：炖鸡汤，蒸南瓜，糙米饭（温和，营养全面）

请注意，以上建议仅供参考，具体饮食方案应根据患者的具体情况和医生的建议进行调整。

**风险提示**：本内容由AI生成，可能存在偏差，治疗方案以主治医生和家属意见为准。本项目已做风险提示。",1,0,0,,,,,,,,,,,,,
xyb0027,胰腺癌术后多久复查一次？,胰腺癌术后第1年，建议每3个月复查一次；第2～3年，每3～6个月复查一次；之后每6个月复查一次，随访时间至少5年。,"胰腺癌术后复查的时间间隔根据术后的不同时间段而有所不同：

1. **术后第1年**：建议每3个月随访1次。
2. **术后第2~3年**：每3~6个月随访1次。
3. **术后3年之后**：每6个月随访1次。

随访时间通常建议至少持续5年。

随访的主要目的是监测患者的恢复情况，及时发现可能的复发或转移，以便尽早采取治疗措施。随访项目可能包括血常规、生化、CA19-9、CA125、CEA等血清肿瘤标志物的检测，以及超声、X线、胸部薄层CT扫描、上腹部增强CT等影像学检查。

请遵循医生的建议进行定期随访，以确保及时发现和处理任何可能的问题。

**风险提示：** 本公益项目使用AI技术提供信息，可能存在偏差。一切治疗和判断应以主治医生和患者及其家属意见为准。如果您认为信息偏差会影响您的治疗，请勿使用本工具和内容。本项目已事先告知，不承担任何使用风险。

**今日心语：** ""不要害怕，因为你必不至缺乏；不要惊惶，因为耶和华是你的神，必坚固你，帮助你，也必用公义扶持你。"" ——圣经

**医疗提醒：** 请遵循医生的建议，相信专业的力量。

**结语：** 微光成炬的前行中，您并不孤单，一起勇敢面对未来！",1,1,1,,,,,,,,,,,,,
xyb0028,胰腺癌的诊断金标准是什么？,组织病理学和（或）细胞学检查是诊断胰腺癌的“金标准”。,"胰腺癌的诊断金标准是**组织病理学和/或细胞学检查**。这是确诊胰腺癌的唯一依据，应尽可能在抗肿瘤治疗前获得病理学检查结果。

**获取组织病理学和/或细胞学诊断的方法**包括：
1. **手术活检**：是获取组织病理学诊断的可靠方法。
2. **穿刺活检术**：对无法手术获得组织的患者，建议影像（CT或超声）引导下经皮穿刺或超声内镜引导下穿刺（EUS-FNA），获得组织病理学或细胞学标本。对有转移病灶的患者，原发病灶获取和诊断困难，推荐对转移病灶活检。
3. **脱落细胞学检查**：通过胰管细胞刷检、胰液收集检查、体腔积液检查等方法获得细胞病理资料。

**风险提示**：本公益项目使用 AI 技术提供信息，可能存在偏差。一切治疗和判断应以主治医生和患者及其家属意见为准。如果您认为信息偏差会影响您的治疗，请勿使用本工具和内容。本项目已事先告知，不承担任何使用风险。

[推荐使用 [小胰宝网页版](https://chat.xiaoyibao.com.cn)], 保护个人隐私，关注公众号”小胰宝助手“，体验更多AI能力

**今日心语**：成功不是终点，失败不是终结，最重要的是继续前进。”——温斯顿·丘吉尔

**医疗提醒**：请遵循医生的建议，相信专业的力量。

**结语**：微光成炬的前行中，您并不孤单，一起勇敢面对未来！",1,1,1,,,,,,,,,,,,,
xyb0029,如何评估胰腺癌的可切除性？,根据肿瘤与其周围重要血管的关系及远处转移情况，整合评估肿瘤的解剖学可切除性，将其分为可切除、交界可切除、局部进展期和合并远处转移四类。,"胰腺癌的可切除性评估是制定治疗策略的关键步骤。以下是评估胰腺癌可切除性的主要方法和标准：

### 1. 影像学评估
- **CT/MRI**：高质量的CT或MRI扫描是评估胰腺癌可切除性的主要影像学工具。这些扫描可以显示肿瘤的大小、位置以及与周围血管的关系。
- **PET/CT**：对于高风险患者，PET/CT可以用于检测胰腺外的转移灶，但不能替代高质量的增强CT/MRI。

### 2. 肿瘤与血管的关系
- **可切除胰腺癌**：肿瘤未接触门静脉-肠系膜上静脉，或接触角度≤180°且静脉轮廓正常；肿瘤未接触动脉（腹腔干、肠系膜上动脉或肝总动脉）。
- **临界可切除胰腺癌**：肿瘤接触肝总动脉但未累及腹腔干或左右肝动脉起始部；肿瘤接触肠系膜上动脉但未超过180°。
- **局部进展期胰腺癌**：肿瘤大面积包裹血管但无远处转移。
- **晚期转移性胰腺癌**：肿瘤已扩散到远离胰腺的地方，如肝脏、肺、腹膜等。

### 3. 体能状态评估
- **ECOG评分或KPS评分**：评估患者的体能状态，作为制定治疗策略的重要参考。

### 4. 新辅助/转化治疗后的可切除性评估
- **CA19-9水平**：治疗后CA19-9水平下降>50%者预后良好，如能恢复至正常水平，则患者术后生存获益更显著。

通过综合以上评估方法，多学科团队（MDT）可以制定出最合适的治疗策略，包括手术、化疗、放疗等。

**风险提示：本公益项目使用AI技术提供信息，可能存在偏差。一切治疗和判断应以主治医生和患者及其家属意见为准。如果您认为信息偏差会影响您的治疗，请勿使用本工具和内容。本项目已事先告知，不承担任何使用风险。**

[推荐使用 [小胰宝网页版](https://chat.xiaoyibao.com.cn)], 保护个人隐私，关注公众号”小胰宝助手“，体验更多AI能力

**今日心语**：成功不是终点，失败不是终结，最重要的是继续前进。”——温斯顿·丘吉尔

**医疗提醒**：请遵循医生的建议，相信专业的力量。

**结语**：微光成炬的前行中，您并不孤单，一起勇敢面对未来！",1,1,1,,,,,,,,,,,,,
xyb0034,腹腔镜胰体尾切除术的优势是什么？,腹腔镜胰体尾切除术（LPD）具有微创优势，术后恢复快，住院时间短。,"腹腔镜胰体尾切除术相比传统的开腹手术具有以下优势：

1. **微创性**：腹腔镜手术通过几个小切口进行操作，相比开腹手术的大切口，对患者的创伤更小，术后疼痛较轻，恢复时间较短。

2. **术后恢复快**：由于创伤小，患者术后恢复较快，能够更早地下床活动，减少术后并发症的发生。

3. **住院时间短**：腹腔镜手术后，患者通常需要较短的住院时间，这有助于减少医疗费用和患者的不便。

4. **更好的生活质量**：术后疼痛减轻和恢复时间缩短，使得患者能够更快地恢复正常生活，提高生活质量。

5. **美容效果好**：腹腔镜手术的小切口相比开腹手术的大切口，术后疤痕较小，对患者的外观影响较小。

6. **安全性高**：在经验丰富的外科医生操作下，腹腔镜胰体尾切除术的安全性与开腹手术相当，且术后并发症发生率较低。

这些优势使得腹腔镜胰体尾切除术成为一种理想的治疗选择，特别是对于可切除的胰体尾癌患者。然而，腹腔镜手术需要在专业的胰腺疾病治疗中心由经验丰富的外科医生进行，以确保手术的安全性和有效性。

**风险提示：本公益项目使用 AI 技术提供信息，可能存在偏差。一切治疗和判断应以主治医生和患者及其家属意见为准。如果您认为信息偏差会影响您的治疗，请勿使用本工具和内容。本项目已事先告知，不承担任何使用风险。**

**今日心语**：成功不是终点，失败不是终结，最重要的是继续前进。”——温斯顿·丘吉尔。您的坚强和勇气，定能照亮自己的世界！",1,1,1,,,,,,,,,,,,,
xyb0036,胰腺癌常用的化疗药物有哪些？,常用化疗药物包括：氟尿嘧啶类、吉西他滨、铂类、伊立替康类、白蛋白结合紫杉醇等。,"胰腺癌常用的化疗药物主要有以下几种：

1. **吉西他滨（Gemcitabine）**：是胰腺癌治疗的首选药物之一，尤其对于晚期胰腺癌患者。
2. **白蛋白结合型紫杉醇（Nab-Paclitaxel）**：常与吉西他滨联合使用，作为胰腺癌的一线治疗方案。
3. **奥沙利铂（Oxaliplatin）**：是FOLFIRINOX方案中的一种药物，该方案被认为是目前胰腺癌治疗中疗效最好的化疗方案之一。
4. **伊利替康（Irinotecan）**：也是FOLFIRINOX方案中的一种药物，与奥沙利铂联合使用。
5. **替吉奥胶囊（S-1）**：是一种口服的氟尿嘧啶类药物，常与吉西他滨联合使用，尤其在日本和中国等亚洲国家较为常用。
6. **卡培他滨（Capecitabine）**：也是一种口服的氟尿嘧啶类药物，可作为二线治疗药物。
7. **顺铂（Cisplatin）**：可作为二线治疗药物，尤其对于存在BRCA1/2胚系突变的晚期胰腺癌患者可能更敏感。

这些药物可以单独使用，也可以根据不同的治疗方案进行联合使用。具体的治疗方案应由医生根据患者的具体情况来确定。

**风险提示：** 本公益项目使用 AI 技术提供信息，可能存在偏差。一切治疗和判断应以主治医生和患者及其家属意见为准。如果您认为信息偏差会影响您的治疗，请勿使用本工具和内容。本项目已事先告知，不承担任何使用风险。

[推荐使用 [小胰宝网页版](https://chat.xiaoyibao.com.cn)], 保护个人隐私，关注公众号”小胰宝助手“，体验更多AI能力

**今日心语**：成功不是终点，失败不是终结，最重要的是继续前进。”——温斯顿·丘吉尔

**医疗提醒**：请遵循医生的建议，相信专业的力量。

**结语**：微光成炬的前行中，您并不孤单，一起勇敢面对未来！",1,1,1,,,,,,,,,,,,,
xyb0037,胰腺癌常用的化疗方案有哪些？,常用化疗方案主要分4大类：以吉西他滨为基础的化疗方案、以氟尿嘧啶类为基础的化疗方案、吉西他滨联合氟尿嘧啶类的化疗方案、其他化疗方案。,"胰腺癌常用的化疗方案包括：

### 辅助治疗
1. **吉西他滨联合卡培他滨**
2. **（m）FOLFIRINOX**：（改良）氟尿嘧啶+亚叶酸钙+伊立替康+奥沙利铂
3. **吉西他滨单药或替吉奥单药**

### 新辅助治疗
1. **白蛋白结合型紫杉醇联合吉西他滨**
2. **（m）FOLFIRINOX方案**
3. **吉西他滨联合顺铂方案**（针对BRCA1/2基因突变患者）

### 晚期胰腺癌的综合治疗
1. **化疗**：包括吉西他滨、白蛋白结合型紫杉醇、5-FU/LV、顺铂、奥沙利铂、伊立替康、替吉奥、卡培他滨等药物的不同组合。
2. **靶向治疗**：如厄洛替尼。
3. **免疫治疗**：如免疫检查点抑制剂。
4. **放疗**：包括精准根治性放射治疗结合同期化疗增敏、术后放疗等。

这些方案的选择会根据患者的具体情况，如疾病分期、身体状况、基因突变情况等因素来决定。风险提示：本公益项目使用 AI 技术提供信息，可能存在偏差。一切治疗和判断应以主治医生和患者及其家属意见为准。如果您认为信息偏差会影响您的治疗，请勿使用本工具和内容。本项目已事先告知，不承担任何使用风险。

[推荐使用 [小胰宝网页版](https://chat.xiaoyibao.com.cn)], 保护个人隐私，关注公众号”小胰宝助手“，体验更多AI能力

**今日心语**：成功不是终点，失败不是终结，最重要的是继续前进。”——温斯顿·丘吉尔

**医疗提醒**：请遵循医生的建议，相信专业的力量。

**结语**：微光成炬的前行中，您并不孤单，一起勇敢面对未来！",1,0,0,,,,,,,,,,,,,
xyb0038,胰腺癌的辅助化疗目的是什么？,辅助化疗的目的是防止或延缓肿瘤复发转移，提高术后生存率。,"胰腺癌的辅助化疗主要目的是：

1. **改善预后**：通过在手术后进行辅助化疗，可以显著延长患者的生存期，改善整体预后。
2. **防止复发**：辅助化疗可以帮助清除可能残留的癌细胞，降低术后复发的风险。
3. **延长生存时间**：对于已经接受根治性手术的患者，辅助化疗可以进一步延长其无病生存期和总生存期。
4. **提高生活质量**：辅助化疗可以帮助减轻晚期患者的疼痛，改善生活质量。

辅助化疗通常在手术后12周内开始，具体方案会根据患者的具体情况和耐受性来确定。推荐的辅助化疗方案包括吉西他滨联合卡培他滨、（m）FOLFIRINOX以及吉西他滨单药或替吉奥单药等。

**风险提示：本公益项目使用 AI 技术提供信息，可能存在偏差。一切治疗和判断应以主治医生和患者及其家属意见为准。如果您认为信息偏差会影响您的治疗，请勿使用本工具和内容。本项目已事先告知，不承担任何使用风险。**

[推荐使用 [小胰宝网页版](https://chat.xiaoyibao.com.cn)], 保护个人隐私，关注公众号”小胰宝助手“，体验更多AI能力

**今日心语**：
""不要害怕，因为你必不至缺乏；不要惊惶，因为耶和华是你的神，必坚固你，帮助你，也必用公义扶持你。""

**医疗提醒**：
""请遵循医生的建议，相信专业的力量。""

**结语**：
""微光成炬的前行中，您并不孤单，一起勇敢面对未来！""",1,1,1,,,,,,,,,,,,,
xyb0039,胰腺癌的新辅助化疗目的是什么？,新辅助化疗的目的是筛选出根治性手术获益者、提高R0切除率，降低淋巴结转移率，最终提高患者生存。,"胰腺癌的新辅助化疗的主要目的是：

1. **提高手术切除率**：通过在新辅助化疗中缩小肿瘤体积、减少肿瘤与周围组织的粘连，提高手术R0（根治性）切除率，即完整切除肿瘤及其周围组织，不留下任何可见的肿瘤细胞。

2. **延长患者生存期**：新辅助化疗可以降低肿瘤的分期，改善患者的预后，从而延长患者的无病生存期和总生存期。

3. **筛选肿瘤生物学行为**：新辅助化疗可以帮助评估肿瘤对治疗的反应，从而筛选出对化疗敏感的肿瘤，为后续治疗提供依据。

4. **改善患者生活质量**：新辅助化疗可以减轻患者的症状，如疼痛、食欲减退等，改善患者的生活质量。

新辅助化疗通常在手术前进行，一般推荐4~6个周期，具体周期可根据患者的病情和治疗反应进行调整。对于可切除或临界可切除的胰腺癌患者，新辅助化疗可以作为术前治疗的选择；对于局部晚期或转移性胰腺癌患者，新辅助化疗可以作为转化治疗的一部分，以期达到手术切除的目的。

**风险提示：本公益项目使用AI技术提供信息，可能存在偏差。一切治疗和判断应以主治医生和患者及其家属意见为准。如果您认为信息偏差会影响您的治疗，请勿使用本工具和内容。本项目已事先告知，不承担任何使用风险。**

[推荐使用 [小胰宝网页版](https://chat.xiaoyibao.com.cn)], 保护个人隐私，关注公众号”小胰宝助手“，体验更多AI能力

**今日心语**：
""不要害怕，因为你必不至缺乏；不要惊惶，因为耶和华是你的神，必坚固你，帮助你，也必用公义扶持你。""

**医疗提醒**：
""请遵循医生的建议，相信专业的力量。""

**结语**：
""微光成炬的前行中，您并不孤单，一起勇敢面对未来！""",1,1,0,,,,,,,,,,,,,
xyb0041,胰腺癌常用的放疗方案有哪些？,放疗（RT）、化放疗（CRT）、三维适形放疗、调强适形放疗（IMRT）、立体定向放疗（SBRT）及质子重离子治疗。,"胰腺癌常用的放疗方案包括：

1. **单纯放疗（RT）**：适用于无法手术切除或拒绝手术的局部晚期胰腺癌患者。

2. **同步放化疗（CRT）**：放疗与化疗同时进行，以增强治疗效果。常用化疗药物包括吉西他滨或氟尿嘧啶类（如5-FU持续静脉滴注，或卡培他滨，或S-1）。

3. **三维适形放疗（3-D Conformal Radiation Therapy）**：通过精确定位肿瘤，减少对周围正常组织的损伤。

4. **调强放疗（IMRT）**：通过调整射线强度，进一步提高对肿瘤的照射剂量，同时减少对正常组织的损伤。

5. **立体定向放疗（SBRT）**：高剂量、少分次的放疗方式，适用于局部晚期或寡转移性胰腺癌。

6. **质子重离子放疗**：利用质子或重离子射线进行治疗，具有更高的精确度和更低的副作用。

这些放疗方案可以根据患者的具体情况和治疗目标进行选择和调整。在进行放疗前，应由多学科团队进行评估和讨论，以确定最合适的治疗方案。

**风险提示：** 本公益项目使用 AI 技术提供信息，可能存在偏差。一切治疗和判断应以主治医生和患者及其家属意见为准。如果您认为信息偏差会影响您的治疗，请勿使用本工具和内容。本项目已事先告知，不承担任何使用风险。

**今日心语：** ""不要害怕，因为你必不至缺乏；不要惊惶，因为耶和华是你的神，必坚固你，帮助你，也必用公义扶持你。"" ——圣经

**医疗提醒：** 请遵循医生的建议，相信专业的力量。

**结语：** 微光成炬的前行中，您并不孤单，一起勇敢面对未来！",1,1,1,,,,,,,,,,,,,
xyb0045,胰腺癌的疼痛治疗原则是什么？,胰腺癌的疼痛治疗以镇痛药物治疗为基础，并可根据患者的具体情况选择手术、介入、神经阻滞、化疗、放疗、心理治疗等多种治疗方法。,"胰腺癌的疼痛治疗原则主要包括以下几点：

1. **镇痛药物治疗**：
   - **非阿片类药物**：对于轻度疼痛，可口服非阿片类药物，如吲哚美辛、对乙酰氨基酚、阿司匹林等。
   - **弱阿片类药物**：对于中度疼痛，可应用弱阿片类药物，如可待因等，常用氨芬待因、洛芬待因等，每日3～4次。
   - **强阿片类药物**：对于重度疼痛，应及时应用口服吗啡等强阿片类药物。

2. **多学科合作和多方式联合**：
   - 疼痛治疗常需要联合运用手术、介入、神经阻滞、化疗、放疗、心理等多学科合作和多方式联合，选择最佳的镇痛治疗方法。

3. **明确疼痛原因**：
   - 首先需要明确疼痛的原因，对于消化道梗阻或穿孔等急症引起的非癌性疼痛，常需外科处理。

4. **WHO三阶梯镇痛药物治疗**：
   - 镇痛药物治疗遵循WHO三阶梯镇痛药物治疗原则，根据患者的疼痛程度，按时、足量口服阿片类止痛药。

5. **辅助药物使用**：
   - 重视如加巴喷丁、普瑞巴林、阿米替林和度洛西汀等辅助药物的使用，加强对阿片类药物不良反应的预防和处理。

6. **难治性癌痛处理**：
   - 对于难治性癌痛，需要行多学科讨论，可考虑行腹腔神经丛阻滞或消融治疗或者局部放射治疗。

7. **最佳支持治疗**：
   - 最佳支持治疗应贯穿胰腺癌治疗的整个过程中，包括疼痛管理、营养支持等，以改善患者的生活质量。

风险提示：本公益项目使用AI技术提供信息，可能存在偏差。一切治疗和判断应以主治医生和患者及其家属意见为准。如果您认为信息偏差会影响您的治疗，请勿使用本工具和内容。本项目已事先告知，不承担任何使用风险。

[推荐使用 [小胰宝网页版](https://chat.xiaoyibao.com.cn)], 保护个人隐私，关注公众号”小胰宝助手“，体验更多AI能力

**今日心语**：
""不要害怕，因为你必不至缺乏；不要惊惶，因为耶和华是你的神，必坚固你，帮助你，也必用公义扶持你。""

**医疗提醒**：
""请遵循医生的建议，相信专业的力量。""

**结语**：
""微光成炬的前行中，您并不孤单，一起勇敢面对未来！""",1,1,1,,,,,,,,,,,,,
xyb0046,胰腺癌的姑息治疗目的是什么？,胰腺癌姑息治疗的目的是缓解胆管和消化道梗阻，为其他治疗创造机会，改善生活质量，延长生存时间。,"胰腺癌的姑息治疗主要目的是缓解症状、改善生活质量。对于晚期胰腺癌患者，70%～80%会出现胆管梗阻症状，因此姑息治疗的主要目标为胆管减压。相对于其他治疗方法，内镜下胆管引流（如ERCP）虽然有插管失败、胰腺炎等风险，但成功置管引流的机会更大，支架定位更准确，较少发生出血、胆漏等危险，总体并发症发生率较低。因此，推荐ERCP为姑息性胆管引流的首选方法。

在姑息治疗中，还可以采用介入治疗手段，如经动脉灌注化疗、消融治疗、PTCD、胆道支架植入、消化道支架植入、出血栓塞治疗、癌痛腹腔神经丛阻滞治疗等，以达到缓解症状、改善生活质量的目的。

此外，对于终末期胰腺癌患者，常见的症状包括疼痛、营养不良、梗阻性黄疸、肿瘤相关性血栓等，最佳支持治疗应贯穿胰腺癌治疗的始终，尤其以终末期患者为主，目的是预防或减轻临床症状，提高生活质量。

**风险提示：本公益项目使用AI技术提供信息，可能存在偏差。一切治疗和判断应以主治医生和患者及其家属意见为准。如果您认为信息偏差会影响您的治疗，请勿使用本工具和内容。本项目已事先告知，不承担任何使用风险。**

[推荐使用 [小胰宝网页版](https://chat.xiaoyibao.com.cn)], 保护个人隐私，关注公众号”小胰宝助手“，体验更多AI能力

**今日心语**：成功不是终点，失败不是终结，最重要的是继续前进。”——温斯顿·丘吉尔

**医疗提醒**：请遵循医生的建议，相信专业的力量。

**结语**：微光成炬的前行中，您并不孤单，一起勇敢面对未来！",1,1,1,,,,,,,,,,,,,
xyb0047,胰腺癌术后如何进行随访？,胰腺癌术后随访主要通过定期应用血清肿瘤标志物和影像学检查等方法尽早地发现局部复发或远处转移，并及时予以治疗。,"胰腺癌术后随访对于监测病情、及时发现复发或转移至关重要。以下是胰腺癌术后随访的一般建议：

### 随访频率
- **术后第1年**：每3个月随访1次
- **术后第2-3年**：每3-6个月随访1次
- **术后3年后**：每6个月随访1次
- **随访时间**：至少5年

### 随访项目
随访项目通常包括：
- **血常规**：监测患者的血红蛋白、白细胞和血小板等指标。
- **生化检查**：包括肝功能、肾功能和电解质等指标。
- **血清肿瘤标志物**：如CA19-9、CA125和CEA等，用于监测肿瘤的复发或转移。
- **影像学检查**：
  - **超声**：用于监测腹部器官和淋巴结。
  - **X线**：用于监测骨骼和肺部。
  - **胸部薄层CT扫描**：用于监测肺部和纵隔淋巴结。
  - **上腹部增强CT**：用于监测胰腺和腹部淋巴结。

### 特殊情况下的随访
- **怀疑肝转移或骨转移的患者**：加行肝脏MRI和骨扫描。
- **晚期或合并远处转移的胰腺癌患者**：至少每2-3个月随访1次，随访项目包括血常规、生化、CA19-9、CA125、CEA等血清肿瘤标志物，胸部CT、上腹部增强CT等检查，必要时复查PET/CT。

### 随访目的
随访的主要目的是：
- **发现潜在的转移复发**：通过定期监测血清肿瘤标志物和影像学检查，尽早发现局部复发或远处转移。
- **更早发现肿瘤复发或第二原发癌**：并及时干预处理，以提高患者的总生存期，改善生活质量。

请遵循医生的建议进行随访，并根据个人情况进行调整。

**风险提示：本公益项目使用AI技术提供信息，可能存在偏差。一切治疗和判断应以主治医生和患者及其家属意见为准。如果您认为信息偏差会影响您的治疗，请勿使用本工具和内容。本项目已事先告知，不承担任何使用风险。**

[推荐使用 [小胰宝网页版](https://chat.xiaoyibao.com.cn)], 保护个人隐私，关注公众号”小胰宝助手“，体验更多AI能力

**今日心语**：“不要害怕，因为你必不至缺乏；不要惊惶，因为耶和华是你的神，必坚固你，帮助你，也必用公义扶持你。” ——圣经

**医疗提醒**：“请遵循医生的建议，相信专业的力量。”

**结语**：“微光成炬的前行中，您并不孤单，一起勇敢面对未来！”",1,1,1,,,,,,,,,,,,,
xyb0049,吃吉非替尼的时候能喝酒吗？,不能，吉非替尼与酒精可能有相互作用，应避免饮酒。,"**风险提示：** 本公益项目使用 AI 技术提供信息，可能存在偏差。一切治疗和判断应以主治医生和患者及其家属意见为准。如果您认为信息偏差会影响您的治疗，请勿使用本工具和内容。本项目已事先告知，不承担任何使用风险。

**回答：**

在服用吉非替尼期间，不建议饮酒。酒精可能会影响药物的吸收和代谢，从而影响药物的疗效。此外，酒精还可能增加药物的副作用风险。

**原因分析：**

1. **药物代谢：** 吉非替尼主要通过肝脏的CYP3A4酶代谢。酒精也会影响肝脏的代谢功能，可能会干扰吉非替尼的代谢过程，导致药物在体内的浓度发生变化，从而影响疗效。

2. **药物相互作用：** 酒精可能会与其他药物发生相互作用，增加药物的副作用风险。例如，酒精可能会增加吉非替尼对肝脏的毒性作用，导致肝功能异常。

3. **健康风险：** 酒精本身就对身体健康有负面影响，尤其是对肝脏和消化系统。在服用吉非替尼期间饮酒，可能会增加这些健康风险。

**建议：**

- **避免饮酒：** 在服用吉非替尼期间，最好完全避免饮酒，包括啤酒、葡萄酒和烈酒。
- **咨询医生：** 如果您有关于饮酒和药物使用的疑问，建议咨询您的主治医生，以获取个性化的建议。

**今日心语：** ""保持希望，改变就在眼前！""

**医疗提醒：** ""请遵循医生的建议，相信专业的力量。""

**结语：** ""微光成炬的前行中，您并不孤单，一起勇敢面对未来！""",1,1,1,,,,,,,,,,,,,
xyb0050,奥希替尼吃了会有什么副作用？,可能会出现皮肤反应和腹泻，需注意心电图 QTc 间期延长，应特别注意间质性肺炎的发生。,"奥希替尼作为第三代表皮生长因子受体酪氨酸激酶抑制剂（EGFR-TKI），在治疗EGFR突变的非小细胞肺癌（NSCLC）方面具有显著疗效。然而，奥希替尼也存在一些常见的副作用，包括：

1. **皮肤反应**：如皮疹、痤疮样皮炎，通常为轻度到中度。
2. **胃肠道反应**：如腹泻、恶心、呕吐和腹痛。
3. **肝功能异常**：可能导致转氨酶升高。
4. **眼部症状**：如干眼症、视力模糊。
5. **呼吸系统症状**：如间质性肺病，这是一种严重的副作用，需要密切监测。
6. **骨骼肌肉症状**：如关节痛、肌肉痛。
7. **中枢神经系统症状**：如头痛、头晕。
8. **代谢异常**：如高血糖、低血糖。
9. **血液系统异常**：如贫血、白细胞减少、血小板减少。

这些副作用通常在治疗开始后的前几周内出现，大多数是可逆的，可以通过剂量调整或对症治疗来管理。然而，如果出现严重的副作用，如间质性肺病或严重的肝功能异常，应立即停药并寻求医疗帮助。

**风险提示：本公益项目使用AI技术提供信息，可能存在偏差。一切治疗和判断应以主治医生和患者及其家属意见为准。如果您认为信息偏差会影响您的治疗，请勿使用本工具和内容。本项目已事先告知，不承担任何使用风险。**

[推荐使用 [小胰宝网页版](https://chat.xiaoyibao.com.cn)], 保护个人隐私，关注公众号”小胰宝助手“，体验更多AI能力

**今日心语**：成功不是终点，失败不是终结，最重要的是继续前进。”——温斯顿·丘吉尔

**医疗提醒**：请遵循医生的建议，相信专业的力量。

**结语**：微光成炬的前行中，您并不孤单，一起勇敢面对未来！",1,0,0,,,,,,,,,,,,,
xyb0051,阿美替尼是不是只能空腹吃？,不是，阿美替尼可以空腹或餐后服用。,"阿美替尼的推荐剂量为110mg/次，每天一次，口服。根据药物说明，阿美替尼空腹或餐后服用均可，整片吞服，不应咀嚼、压碎或断药片。对于无法整片吞咽药物和需经鼻胃管喂饲的患者，可将药片直接溶于不含碳酸盐的饮用水中完全分散后服用。

因此，阿美替尼并不是只能空腹吃，也可以在餐后服用。但为了确保药物的吸收和疗效，建议在服用阿美替尼时遵循医生的指导，并按照药物说明书上的推荐方法服用。

**风险提示：** 本公益项目使用 AI 技术提供信息，可能存在偏差。一切治疗和判断应以主治医生和患者及其家属意见为准。如果您认为信息偏差会影响您的治疗，请勿使用本工具和内容。本项目已事先告知，不承担任何使用风险。

**今日心语：** ""不要害怕，因为你必不至缺乏；不要惊惶，因为耶和华是你的神，必坚固你，帮助你，也必用公义扶持你。"" ——圣经

**医疗提醒：** 请遵循医生的建议，相信专业的力量。

**结语：** 微光成炬的前行中，您并不孤单，一起勇敢面对未来！",1,1,1,,,,,,,,,,,,,
xyb0052,用贝伐珠单抗的时候能做剧烈运动吗？,不建议剧烈运动，因为贝伐珠单抗可能增加出血风险。,"在使用贝伐珠单抗治疗期间，不建议进行剧烈运动。这是因为贝伐珠单抗可能会增加出血的风险，而剧烈运动可能会导致意外受伤和出血。

以下是一些建议，以帮助您在使用贝伐珠单抗期间保持安全：

1. **避免高风险运动**：避免进行可能导致受伤或出血的运动，如接触性运动（如足球、篮球）、极限运动（如滑雪、攀岩）以及需要大量体力的运动（如长跑、举重）。

2. **选择低强度运动**：选择低强度、低风险的运动，如散步、瑜伽、太极或游泳。这些运动可以帮助您保持身体健康，而不会增加出血的风险。

3. **注意身体信号**：在运动过程中，注意身体的信号。如果您感到头晕、乏力或有任何不适，应立即停止运动并寻求医疗帮助。

4. **遵循医生建议**：在开始任何新的运动计划之前，请咨询您的医生或医疗团队，以确保您的运动选择是安全的。

请记住，这些建议是一般性的，具体的运动限制可能因个体情况而异。如果您有任何疑问或担忧，请咨询您的医生或医疗团队。

**风险提示：本公益项目使用AI技术提供信息，可能存在偏差。一切治疗和判断应以主治医生和患者及其家属意见为准。如果您认为信息偏差会影响您的治疗，请勿使用本工具和内容。本项目已事先告知，不承担任何使用风险。**

**今日心语：** ""成功不是终点，失败不是终结，最重要的是继续前进。"" ——温斯顿·丘吉尔

**医疗提醒：** 请遵循医生的建议，相信专业的力量。

**结语：** 您的健康和安全是最重要的，让我们一起努力，为您找到最适合的运动方式，让您的生活更加充实和有活力！",1,1,1,,,,,,,,,,,,,
xyb0054,替雷利珠单抗用后皮肤痒怎么办？,如果出现皮肤痒，可能是不良反应，应立即联系医生。,LLM Response empty,0,0,0,,,,,,,,,,,,,
xyb0055,索拉非尼吃了会掉头发吗？,索拉非尼用药期间最常见的不良反应有手足皮肤反应、腹泻、 乏力、脱发、感染、皮疹。,"索拉非尼是一种用于治疗晚期肾细胞癌的药物。根据提供的合理用药要点，索拉非尼最常见的不良反应包括腹泻、乏力、脱发、感染、手足皮肤反应和皮疹。

因此，**索拉非尼确实可能导致脱发**。脱发通常在开始服用索拉非尼后的6周内出现，并且多为NCICTCAE 1级或2级。对于皮肤毒性反应的处理包括局部用药以减轻症状，暂停用药或调整索拉非尼的剂量。如果皮肤毒性严重或反应持久，可能需要永久停用索拉非尼。

如果您正在服用索拉非尼并出现脱发或其他不良反应，建议您及时咨询医生，以便得到适当的处理和建议。同时，请遵循医生的指导，不要自行调整药物剂量或停药。

**风险提示：** 本公益项目使用 AI 技术提供信息，可能存在偏差。一切治疗和判断应以主治医生和患者及其家属意见为准。如果您认为信息偏差会影响您的治疗，请勿使用本工具和内容。本项目已事先告知，不承担任何使用风险。

**今日心语：** ""坚强勇敢，生命因你的坚持而完美。"" 请相信，您并不孤单，我们与您同在，一起勇敢面对未来！",1,1,1,,,,,,,,,,,,,
xyb0056,吉非替尼对于EGFR基因突变的非小细胞肺癌患者疗效如何？,吉非替尼适用于表皮生长因子受体（EGFR）基因具有敏感突变的局部晚期或转移性非小细胞肺癌（NSCLC）。,"吉非替尼是一种针对表皮生长因子受体（EGFR）的酪氨酸激酶抑制剂，对EGFR基因突变的非小细胞肺癌（NSCLC）患者具有显著疗效。

### 药理作用
- **EGFR突变**：NSCLC细胞中的EGFR突变（如外显子19缺失和外显子21L858R突变）可促进肿瘤生长、抑制细胞凋亡，并增加血管生成因子的产生，从而促进肿瘤转移。
- **吉非替尼的作用机制**：作为可逆性抑制剂，吉非替尼能抑制EGFR受体酪氨酸的自体磷酸化，从而进一步抑制下游信号传导，阻止EGFR依赖的细胞增殖。

### 疗效
- **对突变型EGFR的亲和力**：吉非替尼对突变型EGFR（外显子19缺失和外显子21L858R突变）的亲和力大于对野生型EGFR的亲和力，因此在EGFR突变的NSCLC患者中疗效更显著。
- **临床研究结果**：多项临床研究证实，吉非替尼能显著改善EGFR突变的NSCLC患者的无进展生存期（PFS）和总生存期（OS）。

### 耐药性
尽管吉非替尼对EGFR突变的NSCLC患者疗效显著，但大多数患者最终会产生耐药性。耐药机制可能包括EGFRT790M突变、旁路信号传导（如HER2和MET基因扩增和PIK3CA突变）等。在约60%的病例中，耐药性与T790M突变相关。

### 风险提示
本公益项目使用AI技术提供信息，可能存在偏差。一切治疗和判断应以主治医生和患者及其家属意见为准。如果您认为信息偏差会影响您的治疗，请勿使用本工具和内容。本项目已事先告知，不承担任何使用风险。

**今日心语**：成功不是终点，失败不是终结，最重要的是继续前进。”——温斯顿·丘吉尔。您的坚持和勇气，定能照亮自己的世界！",1,1,1,,,,,,,,,,,,,
xyb0057,厄洛替尼的使用需要注意哪些不良反应？,使用厄洛替尼需要注意常见的皮肤黏膜反应和腹泻，尤其要注意间质性肺炎、肝脏毒性和眼部症状的发生。,"厄洛替尼在使用过程中可能会出现以下不良反应：

### 皮肤和皮下组织异常
- **皮疹**：最常报告的不良反应，一般表现为轻到中度的红斑和脓疱性丘疹，多发生或加重于身体阳光暴露部位。
- **痤疮、痤疮样皮炎和毛囊炎**：大部分为轻中度，非严重性。
- **皮肤开裂**：多不严重，大部分与皮疹和皮肤干燥有关。
- **色素沉着**：偶见。
- **大疱性，水泡性和剥脱性皮肤改变**：包括非常罕见的Stevens-Johnson综合征/中毒性表皮坏死松解症，有些情况下是致命的。

### 胃肠道异常
- **腹泻**：中度或重度腹泻应给予洛哌丁胺治疗。部分患者可能需要减量。
- **脱水、电解质失衡和肾衰**：有报告急性肾衰竭或肾功能不全，包括死亡，伴有或不伴有低血钾症。
- **胃肠穿孔**：偶见，部分病例产生致命的后果。

### 肝脏异常
- **肝功能检查异常**：包括ALT、AST和胆红素升高，大部分为轻到中度，呈一过性或与肝转移有关。
- **肝功能衰竭**：罕见病例报告，包括死亡。

### 眼科异常
- **葡萄膜炎**：上市后的监测中有报告。
- **角膜溃疡或穿孔**：十分罕见。
- **角膜炎和结膜炎**：常见。
- **睫毛生长异常**：包括睫毛向内生长、过度生长和睫毛变粗等。

### 呼吸道、胸部和纵隔异常
- **间质性肺病**：偶有报道严重间质性肺病样事件，包括致命的情况。

### 其他
- **肌肉骨骼与结缔组织异常**：与他汀类药物治疗联用时发生肌病，包括横纹肌溶解症。
- **消化道出血**：包括消化器官溃疡出血、呕血、便血、黑粪症以及可能的结肠炎出血。

这些不良反应的严重程度和发生频率会因个体差异而有所不同。如果在使用厄洛替尼期间出现任何不适或症状加重，应及时咨询医生。

**风险提示：本公益项目使用AI技术提供信息，可能存在偏差。一切治疗和判断应以主治医生和患者及其家属意见为准。如果您认为信息偏差会影响您的治疗，请勿使用本工具和内容。本项目已事先告知，不承担任何使用风险。**

**今日心语**：“不要害怕，因为你必不至缺乏；不要惊惶，因为耶和华是你的神，必坚固你，帮助你，也必用公义扶持你。” 愿你在治疗的道路上，始终有力量和勇气面对一切！",1,1,1,,,,,,,,,,,,,
xyb0058,埃克替尼的适应证有哪些？,埃克替尼适用于EGFR基因具有敏感突变的局部晚期或转移性NSCLC，以及Ⅱ～ⅢA期伴有EGFR基因敏感突变NSCLC的术后辅助治疗。,"埃克替尼的适应证主要包括以下几种情况：

1. **EGFR基因敏感突变的非小细胞肺癌（NSCLC）患者**：对于局部晚期或转移性（IIIB或IV期）的NSCLC患者，如果经国家药品监督管理局批准的EGFR基因检测方法检测到EGFR敏感突变，可以使用埃克替尼进行治疗。

2. **术后辅助治疗**：对于EGFR基因敏感突变的II～IIIA期NSCLC患者，在完全肿瘤切除术后，推荐使用埃克替尼进行辅助治疗，以降低复发风险。

3. **脑转移患者**：对于有脑转移的EGFR基因突变的NSCLC患者，埃克替尼也是一种可选择的治疗药物。

4. **一线治疗**：在上市后IV期研究中，埃克替尼被用于治疗219例EGFR突变的既往未接受过治疗的局部晚期或转移性（IIIB或IV期）的NSCLC患者，并取得了较好的疗效。

5. **既往接受过化疗的患者**：对于既往接受过一个或两个化疗方案（其中至少一个化疗方案含铂类）的局部晚期或转移的NSCLC患者，埃克替尼也可以作为治疗选择。

这些适应证是基于埃克替尼的药理作用和临床试验结果得出的。埃克替尼是一种选择性表皮生长因子受体（EGFR）酪氨酸激酶抑制剂，能够抑制EGFR的活性，从而抑制肿瘤细胞的增殖和生长。在临床试验中，埃克替尼在上述适应证中都表现出了一定的疗效和安全性。

**风险提示：本公益项目使用AI技术提供信息，可能存在偏差。一切治疗和判断应以主治医生和患者及其家属意见为准。如果您认为信息偏差会影响您的治疗，请勿使用本工具和内容。本项目已事先告知，不承担任何使用风险。**

**今日心语**：成功不是终点，失败不是终结，最重要的是继续前进。”——温斯顿·丘吉尔

**医疗提醒**：请遵循医生的建议，相信专业的力量。

**结语**：您的勇气，定能照亮自己的世界！",1,1,1,,,,,,,,,,,,,
xyb0059,阿法替尼的剂量调整方案是怎样的？,阿法替尼推荐初始剂量为40mg/次，每天一次，口服。剂量调整方案根据CTCAE a（5.0 版）药物相关不良事件进行，1～2级不中断，2级（延长或不耐受）或≥3级中断直到恢复至0/1级后以减量10mg递减继续。,"阿法替尼的剂量调整方案主要基于患者的耐受性。以下是阿法替尼的推荐剂量调整方案：

1. **初始剂量**：阿法替尼的推荐初始剂量为40mg/次，每天一次，口服。

2. **第一次减量**：如果患者不能耐受40mg/次的剂量，可以减量至30mg/次，每天一次，口服。

3. **第二次减量**：如果患者仍然不能耐受30mg/次的剂量，可以进一步减量至20mg/次，每天一次，口服。

4. **永久停用**：如果患者不能耐受20mg/次的剂量，应考虑永久停用阿法替尼。

5. **剂量调整的依据**：剂量调整应基于患者对治疗的耐受性，包括腹泻、皮疹等不良反应的严重程度和持续时间。

6. **剂量调整的时机**：如果患者出现3级或4级的不良反应，应考虑暂停给药或减量。如果不良反应在暂停给药后未缓解或在减量后仍然出现，应考虑进一步减量或永久停用。

7. **剂量调整的监测**：在剂量调整过程中，应密切监测患者的不良反应和治疗效果，以确保剂量调整的合理性和有效性。

请注意，以上剂量调整方案仅供参考，具体剂量调整应由医生根据患者的具体情况进行判断和决策。

**风险提示：本公益项目使用AI技术提供信息，可能存在偏差。一切治疗和判断应以主治医生和患者及其家属意见为准。如果您认为信息偏差会影响您的治疗，请勿使用本工具和内容。本项目已事先告知，不承担任何使用风险。**

**今日心语**：成功不是终点，失败不是终结，最重要的是继续前进。”——温斯顿·丘吉尔。您的坚持和勇气将引领您走向康复的道路！",1,1,1,,,,,,,,,,,,,
xyb0060,奥希替尼的推荐剂量是多少？,奥希替尼推荐剂量为80mg/次，每天一次，口服。,"奥希替尼的推荐剂量为80mg/次，每天一次，口服。进餐或空腹时服用均可。根据患者个体的安全性和耐受性，可暂停用药或减量。如果需要减量，则剂量应减至40mg/次，每天一次，口服。

**风险提示：** 本公益项目使用 AI 技术提供信息，可能存在偏差。一切治疗和判断应以主治医生和患者及其家属意见为准。如果您认为信息偏差会影响您的治疗，请勿使用本工具和内容。本项目已事先告知，不承担任何使用风险。

[推荐使用 [小胰宝网页版](https://chat.xiaoyibao.com.cn)], 保护个人隐私，关注公众号”小胰宝助手“，体验更多AI能力

**今日心语：** ""不要害怕，因为你必不至缺乏；不要惊惶，因为耶和华是你的神，必坚固你，帮助你，也必用公义扶持你。""

**医疗提醒：** 请遵循医生的建议，相信专业的力量。

**结语：** 微光成炬的前行中，您并不孤单，一起勇敢面对未来！",1,1,1,,,,,,,,,,,,,
xyb0061,阿美替尼的用药要点有哪些？,阿美替尼推荐剂量为110mg/次，每天一次，口服，空腹或餐后服用均可。,"阿美替尼的用药要点包括：

1. **推荐剂量**：阿美替尼的推荐剂量为110mg/次，每天一次，口服。空腹或餐后服用均可，整片吞服，不应咀嚼、压碎或断药片。对于无法整片吞咽药物和需经鼻胃管喂饲的患者，可将药片直接溶于不含碳酸盐的饮用水中完全分散后服用。

2. **一线用药前检测**：一线用药前必须明确有经国家药品监督管理局批准的检测方法检测到EGFR19外显子缺失突变或21外显子L858R置换突变。

3. **二线用药前检测**：对于既往经EGFR-TKI治疗时或治疗后出现疾病进展的局部晚期或转移性患者，用药前必须明确有经国家药品监督管理局批准的检测方法检测到EGFRT790M突变。

4. **常见不良反应**：阿美替尼常见不良反应为皮疹、血肌酸磷酸激酶升高和瘙痒等，腹泻的发生率相对较低。需警惕间质性肺炎的发生。

5. **药物相互作用**：避免与CYP3A4强效诱导剂或抑制剂联合使用，应慎用乳腺癌耐药蛋白和P-糖蛋白敏感底物的窄治疗窗药物。避免与升高血肌酸磷酸激酶的药物（如他汀类药物）联合使用。

**风险提示**：本公益项目使用AI技术提供信息，可能存在偏差。一切治疗和判断应以主治医生和患者及其家属意见为准。如果您认为信息偏差会影响您的治疗，请勿使用本工具和内容。本项目已事先告知，不承担任何使用风险。

[推荐使用 [小胰宝网页版](https://chat.xiaoyibao.com.cn)], 保护个人隐私，关注公众号”小胰宝助手“，体验更多AI能力。

**今日心语**：成功不是终点，失败不是终结，最重要的是继续前进。”——温斯顿·丘吉尔

**医疗提醒**：请遵循医生的建议，相信专业的力量。

**结语**：您的勇气，定能照亮自己的世界！",1,1,1,,,,,,,,,,,,,
xyb0062,伏美替尼的不良反应有哪些？,伏美替尼常见不良反应（超过20%）为丙氨酸氨基转移酶（ALT）/天门冬氨酸氨基转移酶（AST）升高。,"伏美替尼的不良反应主要包括以下几类：

1. **皮肤及皮下组织类疾病**：如皮疹（56.1%）、瘙痒（28.0%）和其他皮肤及皮下组织类疾病（20.9%）。
2. **胃肠系统疾病**：如恶心（18.0%）、便秘（7.0%）、呕吐（3.5%）、口腔炎（7.0%）、腹部不适（5.2%）和腹泻等。
3. **其他常见不良反应**：如水肿、乏力、发热、咳嗽、头痛、关节痛等。
4. **实验室检查异常**：如丙氨酸氨基转移酶升高、天门冬氨酸氨基转移酶升高、血胆红素升高等。

这些不良反应的发生率会因个体差异和临床试验条件的不同而有所变化。在使用伏美替尼治疗期间，患者应密切关注自身身体状况，如出现任何不适或异常，应及时就医。同时，患者应遵循医生的建议，合理调整药物剂量，以达到最佳的治疗效果并减少不良反应的发生。

**风险提示：** 本公益项目使用 AI 技术提供信息，可能存在偏差。一切治疗和判断应以主治医生和患者及其家属意见为准。如果您认为信息偏差会影响您的治疗，请勿使用本工具和内容。本项目已事先告知，不承担任何使用风险。

[推荐使用 [小胰宝网页版](https://chat.xiaoyibao.com.cn)], 保护个人隐私，关注公众号”小胰宝助手“，体验更多AI能力

**今日心语**：成功不是终点，失败不是终结，最重要的是继续前进。”——温斯顿·丘吉尔

**医疗提醒**：请遵循医生的建议，相信专业的力量。

**结语**：微光成炬的前行中，您并不孤单，一起勇敢面对未来！",1,1,1,,,,,,,,,,,,,
xyb0063,贝福替尼的起始剂量是多少？,贝福替尼的推荐用法为从75mg/次起始剂量开始服用，每天一次，口服。,"贝福替尼的推荐起始剂量为75mg/次，每天一次，口服。连续服用21天后，若无严重不良反应或未发生≥2级的血小板减少和/或未发生≥2级的头痛，剂量可调整为100mg/次，每天一次，口服。直至疾病进展或出现不可耐受的毒性。请在医生的指导下使用贝福替尼。

**风险提示：** 本公益项目使用 AI 技术提供信息，可能存在偏差。一切治疗和判断应以主治医生和患者及其家属意见为准。如果您认为信息偏差会影响您的治疗，请勿使用本工具和内容。本项目已事先告知，不承担任何使用风险。

[推荐使用 [小胰宝网页版](https://chat.xiaoyibao.com.cn)], 保护个人隐私，关注公众号”小胰宝助手“，体验更多AI能力

**今日心语：** ""不要害怕，因为你必不至缺乏；不要惊惶，因为耶和华是你的神，必坚固你，帮助你，也必用公义扶持你。"" ——圣经

**医疗提醒：** 请遵循医生的建议，相信专业的力量。

**结语：** 微光成炬的前行中，您并不孤单，一起勇敢面对未来！",1,1,1,,,,,,,,,,,,,
xyb0064,克唑替尼的适应证包括哪些？,克唑替尼适用于间变性淋巴瘤激酶（ALK）阳性的局部晚期或转移性NSCLC患者的治疗，以及ROS1阳性的晚期NSCLC患者的治疗。,"克唑替尼的适应证主要包括：

1. **间变性淋巴瘤激酶（ALK）阳性的局部晚期或转移性非小细胞肺癌（NSCLC）患者的治疗**。
2. **ROS1阳性的晚期非小细胞肺癌（NSCLC）患者的治疗**。

此外，根据美国FDA的批准，克唑替尼还可用于：

- **治疗ALK阳性的复发或难治性的系统性间变大细胞淋巴瘤的1岁及以上的儿童患者及年轻成人患者**。但请注意，目前国内尚未获批此适应证，应在与患者充分沟通的情况下按照FDA批准的方法使用。

风险提示：本公益项目使用AI技术提供信息，可能存在偏差。一切治疗和判断应以主治医生和患者及其家属意见为准。如果您认为信息偏差会影响您的治疗，请勿使用本工具和内容。本项目已事先告知，不承担任何使用风险。

[推荐使用 [小胰宝网页版](https://chat.xiaoyibao.com.cn)], 保护个人隐私，关注公众号”小胰宝助手“，体验更多AI能力

**今日心语**：成功不是终点，失败不是终结，最重要的是继续前进。”——温斯顿·丘吉尔

**医疗提醒**：请遵循医生的建议，相信专业的力量。

**结语**：您的勇气，定能照亮自己的世界！",1,1,1,,,,,,,,,,,,,
xyb0065,阿来替尼的剂量调整原则是什么？,阿来替尼推荐剂量为 600mg/次，每天两次。剂量调整原则是：首次减量450mg/次，每天两次；第二次减量300mg/次，每天两次；如果患者仍不能耐受，则永久停用。,"阿来替尼的剂量调整原则主要基于患者个体的安全性和耐受性。以下是阿来替尼的剂量调整原则：

1. **根据患者个体的安全性和耐受性**：医生应密切监测患者，根据患者对药物的反应和耐受性来决定是否需要调整剂量。

2. **暂停用药或减量**：如果患者出现不良反应，医生可以考虑暂停用药或减少剂量。减量的具体原则详见表1。

3. **剂量调整原则**：
   - **血液学毒性**：根据美国癌症研究院-不良事件通用术语标准4.03版（NCI-CTCAE4.03）进行严重程度分级，如果出现3或4级血液学毒性，应根据表1进行剂量调整。
   - **非血液学毒性**：同样根据NCI-CTCAE4.03进行严重程度分级，如果出现3或4级非血液学毒性，应根据表1进行剂量调整。

4. **特殊人群的剂量调整**：
   - **肝功能损害**：轻度肝功能损害患者无需进行剂量调整。中重度肝功能损害患者使用阿来替尼的安全性和有效性尚不明确。
   - **肾功能损害**：轻中度肾功能损害患者无需进行剂量调整。重度肾功能损害患者使用阿来替尼的安全性和有效性尚不明确。

5. **特定不良反应的剂量调整**：
   - **胆红素升高**：如果患者出现胆红素升高，大多数事件为1和2级，3.4%的患者报告≥3级事件。这些事件一般在治疗后3个月内发生，通常为一过性，且多数事件在剂量调整后恢复。
   - **AST或ALT升高**：如果患者出现AST或ALT升高，大多数事件为1和2级，3.0%和3.2%的患者报告≥3级事件。这些事件一般在治疗最初3个月内发生，通常为一过性，并在暂停阿来替尼治疗或降低剂量后恢复。

6. **CYP3A抑制剂或诱导剂的剂量调整**：如果阿来替尼与CYP3A抑制剂或诱导剂联合使用，可能需要调整剂量。具体调整原则详见相关章节。

请注意，以上剂量调整原则仅供参考，具体调整方案应由医生根据患者的具体情况来决定。

**风险提示：本公益项目使用AI技术提供信息，可能存在偏差。一切治疗和判断应以主治医生和患者及其家属意见为准。如果您认为信息偏差会影响您的治疗，请勿使用本工具和内容。本项目已事先告知，不承担任何使用风险。**

[推荐使用 [小胰宝网页版](https://chat.xiaoyibao.com.cn)], 保护个人隐私，关注公众号”小胰宝助手“，体验更多AI能力

**今日心语**：成功不是终点，失败不是终结，最重要的是继续前进。”——温斯顿·丘吉尔

**医疗提醒**：请遵循医生的建议，相信专业的力量。

**结语**：您的勇气，定能照亮自己的世界！",1,0,0,,,,,,,,,,,,,
xyb0066,塞瑞替尼的剂量调整方案是怎样的？,塞瑞替尼的剂量调整方案是：首次剂量450mg/次，每天一次；根据患者个体的安全性或耐受性，以150mg的下调幅度逐渐减少本品的日剂量。,"塞瑞替尼的剂量调整方案主要基于患者的安全性或耐受性情况。以下是一些关键的剂量调整方案：

1. **一般剂量调整**：
   - 如果患者出现未列于表1的药物不良反应，应以50mg的下调幅度逐渐减少本品的日剂量。
   - 对于无法耐受每日随餐服用450mg剂量的患者，应停用本品。

2. **针对部分不良反应的剂量调整和管理建议**：
   - 表1提供了针对塞瑞替尼部分不良反应的剂量调整和管理建议，包括腹泻、恶心、呕吐、疲劳等。

3. **针对强效CYP3A抑制剂的剂量调整**：
   - 本品治疗期间应避免联合使用强效CYP3A抑制剂。如果必须同时使用，则应将塞瑞替尼的剂量减少约三分之一，取整至最接近的50mg整数倍剂量。
   - 当停止给予强效CYP3A抑制剂后，恢复使用强效CYP3A抑制剂之前塞瑞替尼的用药剂量。

4. **联合给药时的剂量调整**：
   - 本品与甲磺酸阿帕替尼联合给药时，建议根据患者情况调整其中一种或两种药物的剂量。
   - 当因不良反应同时暂停两种药物时，待不良反应恢复后，可以酌情考虑恢复其中一种药物，或逐个依次地恢复两种药物。

5. **其他特殊情况的剂量调整**：
   - 对于儿童患者，塞瑞替尼的安全性或有效性尚不确定，因此没有特定的剂量调整方案。
   - 对于老年患者，65岁及以上的患者使用本品无需进行剂量调整，但无85岁及以上患者的相关用药数据。

请注意，具体的剂量调整方案应根据患者的具体情况和医生的指导进行。以上信息仅供参考，并不构成医疗建议。

**风险提示：本公益项目使用AI技术提供信息，可能存在偏差。一切治疗和判断应以主治医生和患者及其家属意见为准。如果您认为信息偏差会影响您的治疗，请勿使用本工具和内容。本项目已事先告知，不承担任何使用风险。**

[推荐使用 [小胰宝网页版](https://chat.xiaoyibao.com.cn)], 保护个人隐私，关注公众号”小胰宝助手“，体验更多AI能力

**今日心语**：成功不是终点，失败不是终结，最重要的是继续前进。”——温斯顿·丘吉尔

**医疗提醒**：请遵循医生的建议，相信专业的力量。

**结语**：您的勇气，定能照亮自己的世界！",1,0,0,,,,,,,,,,,,,
xyb0067,恩沙替尼的不良反应主要有哪些？,恩沙替尼的主要不良反应为一过性药疹，主要表现为1～2级皮疹和瘙痒症。,"恩沙替尼的不良反应主要包括以下几类：

### 皮肤及皮下组织类疾病
- **皮疹**：发生率较高，达到56.15%。
- **瘙痒**：发生率为28.0%。
- **其他皮肤及皮下组织类疾病**：发生率为20.9%。

### 胃肠系统疾病
- **恶心**：发生率为18.0%。
- **便秘**：发生率为7.0%。
- **呕吐**：发生率为3.5%。
- **口腔炎**：发生率为7.0%。
- **腹部不适**：发生率为5.2%。

### 其他常见不良反应
- **水肿**：发生率为7.8%。
- **乏力**：发生率为9.6%。
- **发热**：发生率为6.0%。
- **食欲下降**：发生率为8.3%。
- **电解质失调**：发生率为5.7%。
- **贫血**：发生率为9.4%。
- **肌肉骨骼疾病**：发生率为6.7%。
- **感染**：发生率为6.3%。
- **高胆红素血症**：发生率为6.5%。
- **眼及附属器官疾病**：发生率为6.1%。
- **心律失常**：发生率为5.9%。

### 实验室检查异常
- **丙氨酸氨基转移酶升高**：发生率为35.7%。
- **天门冬氨酸氨基转移酶升高**：发生率为30.2%。
- **血肌酐升高**：发生率为13.7%。
- **谷氨酰转移酶升高**：发生率为7.6%。
- **其他肝酶异常**：发生率为6.7%。
- **血细胞计数异常**：发生率为5.9%。

以上不良反应的发生率是基于临床试验数据的汇总，实际发生率可能因个体差异而有所不同。如果在使用恩沙替尼期间出现任何不良反应，应及时咨询医生。

**风险提示：本公益项目使用AI技术提供信息，可能存在偏差。一切治疗和判断应以主治医生和患者及其家属意见为准。如果您认为信息偏差会影响您的治疗，请勿使用本工具和内容。本项目已事先告知，不承担任何使用风险。**

**今日心语**：“不要害怕，因为你必不至缺乏；不要惊惶，因为耶和华是你的神，必坚固你，帮助你，也必用公义扶持你。” 愿你在治疗的道路上，始终有力量和勇气面对一切！",1,1,1,,,,,,,,,,,,,
xyb0068,布格替尼的剂量调整原则是什么？,"布格替尼推荐剂量：前 7 天 90mg/次，每天一次，口服；然后 
增加剂量至 180mg/次，每天一次，口服。剂量调整原则是：首次剂量调整为60mg/次，每天一次；若仍不能耐受，第二次剂量调整为120mg/次，每天一次；若患者还是不能耐受，则第三次剂量调整为90mg/次，每天一次。若患者还是不能耐受， 
则减量为 60mg/次，每天一次。因不良 反应减少剂量后，不要随便增加剂量。如果患者不能耐受 60mg/次，每天一次的剂量，永久停用。","布格替尼的剂量调整原则主要基于患者的个体安全性和耐受性，包括暂停用药、减量或永久停用。具体调整原则如下：

1. **暂停用药**：如果患者出现严重不良反应，应首先暂停用药。在暂停用药期间，医生应密切监测患者的症状和体征。如果症状在4周内恢复至1级或以下，可以考虑调整剂量。

2. **减量**：根据患者的具体情况，可以进行一次或多次减量。减量方法包括：
   - **第一次减量**：将剂量降低至推荐剂量的75%（例如，从180mg降至120mg）。
   - **第二次减量**：如果患者仍然不耐受，可以将剂量进一步降低至推荐剂量的50%（例如，从120mg降至90mg）。

3. **永久停用**：如果患者在减量后仍然出现严重不良反应，或者在暂停用药4周后症状没有恢复至1级或以下，应考虑永久停用布格替尼。

4. **特殊人群**：对于肝功能损害和肾功能损害的患者，剂量调整原则有所不同。轻度肝功能损害患者无需调整剂量，而中重度肝功能损害患者的安全性和有效性尚未确定。轻度和中度肾功能损害患者无需调整剂量，而重度肾功能损害患者的安全性和有效性也尚未确定。

5. **药物相互作用**：如果布格替尼与CYP3A强效或中效抑制剂或诱导剂联合使用，需要根据药物相互作用的具体情况进行剂量调整。

6. **个体化治疗**：最终的剂量调整决策应由医生根据患者的具体情况进行个体化治疗。

请注意，以上信息仅供参考，具体的剂量调整原则应以医生的建议为准。风险提示：本公益项目使用AI技术提供信息，可能存在偏差。一切治疗和判断应以主治医生和患者及其家属意见为准。如果您认为信息偏差会影响您的治疗，请勿使用本工具和内容。本项目已事先告知，不承担任何使用风险。

[推荐使用 [小胰宝网页版](https://chat.xiaoyibao.com.cn)], 保护个人隐私，关注公众号”小胰宝助手“，体验更多AI能力

**今日心语**：成功不是终点，失败不是终结，最重要的是继续前进。”——温斯顿·丘吉尔

**医疗提醒**：请遵循医生的建议，相信专业的力量。

**结语**：您的勇气，定能照亮自己的世界！",1,0,0,,,,,,,,,,,,,
xyb0069,洛拉替尼的推荐剂量是多少？,洛拉替尼的推荐剂量为100mg/次，每天一次，口服。,"洛拉替尼的推荐剂量为100mg/次，每天一次，口服，与食物同服或不同服。应整片吞服，不应咀嚼、压碎、溶解或断药片。若药片出现破损、裂纹或其他不完整的情况，请勿服用。每天在大致相同的时间服用本品。

如果出现不良事件，应根据患者耐受性，以每次减量25mg的方式逐步降低剂量：
1. 第1次降低剂量：75mg/次，每天一次，口服。
2. 第2次降低剂量：50mg/次，每天一次，口服；对于仍不能耐受的患者，应永久停用。

请遵循医生的建议，相信专业的力量。您的勇气，定能照亮自己的世界！",1,1,1,,,,,,,,,,,,,
xyb0070,伊鲁阿克的剂量调整建议有哪些？,"伊鲁阿克推荐剂量为第 1～7 天 
60mg/次，每天一次，空腹或与食物同服，若可以耐受，从 
第 8 天起 180mg/次。剂量调整建议是：首次减量至120mg/次，每天一次；第二次减量至90mg/次，每天一次；如果患者不能耐受90mg/次，每天一次的给药剂量，应永久停止本品治疗。","伊鲁阿克的剂量调整建议主要基于患者对药物的耐受性和出现的不良反应。以下是具体的剂量调整建议：

1. **基于不良反应的剂量调整**：
   - **1级和2级不良反应**：通常不需要调整剂量。
   - **3级或4级不良反应**：根据表1中的建议进行剂量调整。

2. **特定不良反应的剂量调整**：
   - **血液系统不良反应**：根据血液学参数（如中性粒细胞、血小板计数）的降低程度进行剂量调整。
   - **非血液系统不良反应**：如肝功能异常、皮疹等，根据不良反应的严重程度进行剂量调整。

3. **UGT1A1基因型的影响**：
   - **UGT1A1*28/*6纯合突变患者**：在第一个治疗周期中如果没有药物相关不良反应，在随后的治疗周期中，剂量可增加到56.5mg/m²。

4. **剂量调整的具体方法**：
   - **首次剂量调整**：减少至43mg/m²。
   - **第二次剂量调整**：减少至35mg/m²。
   - **进一步减少剂量**：应停止治疗。

5. **其他考虑因素**：
   - **高脂血症**：如出现高胆固醇血症或高甘油三酯血症，可根据需要调整剂量。
   - **QT间期延长**：如出现QT间期延长，应密切监测并根据需要调整剂量。

6. **特殊人群的剂量调整**：
   - **老年人**：年龄≥65岁的患者接受本品治疗无需调整剂量。
   - **肾功能不全**：轻度肾功能不全者无需进行剂量调整，中重度肾功能不全患者使用本品的安全性和有效性尚不明确。
   - **肝功能不全**：轻度肝功能不全患者无需进行剂量调整，中重度肝功能不全患者使用本品的安全性和有效性尚不明确。

这些剂量调整建议应由医生根据患者的具体情况进行判断和实施。如果您有任何关于剂量调整的问题，请咨询您的医生。

**风险提示：本公益项目使用AI技术提供信息，可能存在偏差。一切治疗和判断应以主治医生和患者及其家属意见为准。如果您认为信息偏差会影响您的治疗，请勿使用本工具和内容。本项目已事先告知，不承担任何使用风险。**

**今日心语**：成功不是终点，失败不是终结，最重要的是继续前进。”——温斯顿·丘吉尔。您的坚持和勇气，定能照亮自己的世界！",1,0,0,,,,,,,,,,,,,
xyb0071,贝伐珠单抗的使用注意事项有哪些？,贝伐珠单抗的使用注意事项包括：不适用于晚期肺鳞癌的治疗，有严重出血或近期曾有咯血、肿瘤侵犯大血管的患者不应接受贝伐珠单抗治疗。,"贝伐珠单抗的使用注意事项包括：

1. **胃肠道穿孔和瘘**：贝伐珠单抗治疗可能增加患者发生胃肠道穿孔和胆囊穿孔的风险。如果发生胃肠道穿孔，应永久性停用贝伐珠单抗。对于持续性、复发性或转移性宫颈癌患者，贝伐珠单抗治疗可能增加阴道和胃肠道间瘘管形成的风险。

2. **非胃肠道瘘**：贝伐珠单抗治疗可能增加其他类型瘘管形成的风险，如气管食管瘘等。

3. **严重出血**：贝伐珠单抗治疗可能增加患者发生严重出血的风险，包括需要干预治疗的出血。

4. **动脉血栓事件**：贝伐珠单抗治疗可能增加患者发生动脉血栓事件的风险，如脑血管意外、心肌梗死等。

5. **高血压**：贝伐珠单抗治疗可能增加患者发生高血压的风险，包括高血压危象或高血压脑病。

6. **蛋白尿**：贝伐珠单抗治疗可能增加患者发生蛋白尿的风险，包括肾病综合征。

7. **手术**：在择期手术前至少4周应暂停使用贝伐珠单抗，以减少手术相关并发症的风险。

8. **输液反应**：贝伐珠单抗治疗可能增加患者发生输液反应的风险。

9. **免疫原性**：贝伐珠单抗治疗可能引起免疫原性反应，包括抗贝伐珠单抗抗体的形成。

10. **孕妇及哺乳期妇女**：贝伐珠单抗治疗可能对孕妇和哺乳期妇女产生不良影响，包括对胎儿和婴儿的潜在风险。

11. **儿童和老年人**：贝伐珠单抗在儿童和老年人中的安全性和有效性尚未确定。

12. **药物相互作用**：贝伐珠单抗与其他药物的相互作用可能影响其疗效和安全性。

**风险提示：本公益项目使用AI技术提供信息，可能存在偏差。一切治疗和判断应以主治医生和患者及其家属意见为准。如果您认为信息偏差会影响您的治疗，请勿使用本工具和内容。本项目已事先告知，不承担任何使用风险。**

[推荐使用 [小胰宝网页版](https://chat.xiaoyibao.com.cn)], 保护个人隐私，关注公众号”小胰宝助手“，体验更多AI能力

**今日心语**：成功不是终点，失败不是终结，最重要的是继续前进。”——温斯顿·丘吉尔

**医疗提醒**：请遵循医生的建议，相信专业的力量。

**结语**：您的勇气，定能照亮自己的世界！",1,1,0,,,,,,,,,,,,,
xyb0072,重组人血管内皮抑制素的适应证是什么？,重组人血管内皮抑制素联合长春瑞滨/顺铂化疗方案用于治疗初治或复治的Ⅲ～Ⅳ期NSCLC患者。,"重组人血管内皮抑制素的适应证是：本品联合长春瑞滨/顺铂化疗方案用于治疗初治或复治的III～IV期NSCLC患者。

**风险提示：** 本公益项目使用 AI 技术提供信息，可能存在偏差。一切治疗和判断应以主治医生和患者及其家属意见为准。如果您认为信息偏差会影响您的治疗，请勿使用本工具和内容。本项目已事先告知，不承担任何使用风险。

[推荐使用 [小胰宝网页版](https://chat.xiaoyibao.com.cn)], 保护个人隐私，关注公众号”小胰宝助手“，体验更多AI能力

**今日心语：** ""成功不是终点，失败不是终结，最重要的是继续前进。"" ——温斯顿·丘吉尔

**医疗提醒：** 请遵循医生的建议，相信专业的力量。

**结语：** 微光成炬的前行中，您并不孤单，一起勇敢面对未来！",1,1,1,,,,,,,,,,,,,
xyb0073,安罗替尼的不良反应如何处理？,安罗替尼的不良反应可通过对症治疗、暂停用药和/或调整剂量等方式处理。,"安罗替尼的不良反应可以通过以下几种方式进行处理：

1. **对症治疗**：对于常见的不良反应，如高血压、乏力、手足皮肤反应等，可以通过对症治疗来缓解症状。例如，对于高血压，可以使用常规的降压药物进行治疗；对于手足皮肤反应，可以使用含尿素和糖皮质激素成分的乳液或润滑剂进行局部治疗。

2. **调整剂量**：对于一些严重的不良反应，如出血、肝功能异常等，可以通过调整剂量来解决。例如，如果出现2级出血事件，应暂停用药，如2周内能恢复至2级以下，则将安罗替尼下调1个剂量继续用药；如未能恢复至2级以下或调整剂量后再次出现，则应考虑永久停药。

3. **暂停用药**：对于一些严重的不良反应，如3级或以上的出血事件，应永久停用安罗替尼。对于其他一些不良反应，如3级或以上的胃肠道反应，建议暂停安罗替尼治疗，及时就诊。

4. **特殊处理**：对于一些特殊的不良反应，如蛋白尿，建议每6周检查尿常规，对连续2次尿蛋白≥++者需进行24h尿蛋白测定，根据不良反应严重程度采取包括暂停用药、剂量调整和永久停药等处理措施。

5. **监测和预防**：在使用安罗替尼期间，应密切监测患者的血压、肝功能、甲状腺功能等指标，以及时发现和处理不良反应。同时，应避免与CYP1A2和CYP3A4强效抑制剂及强效诱导剂联合使用，以减少药物相互作用的风险。

6. **个体化治疗**：对于不同的患者，应根据其具体情况制定个体化的治疗方案，包括剂量调整、用药间隔等，以最大程度地减少不良反应的发生。

风险提示：本公益项目使用 AI 技术提供信息，可能存在偏差。一切治疗和判断应以主治医生和患者及其家属意见为准。如果您认为信息偏差会影响您的治疗，请勿使用本工具和内容。本项目已事先告知，不承担任何使用风险。

[推荐使用 [小胰宝网页版](https://chat.xiaoyibao.com.cn)], 保护个人隐私，关注公众号”小胰宝助手“，体验更多AI能力

**今日心语**：
""不要害怕，因为你必不至缺乏；不要惊惶，因为耶和华是你的神，必坚固你，帮助你，也必用公义扶持你。""

**医疗提醒**：
""请遵循医生的建议，相信专业的力量。""

**暖心结语**：
""微光成炬的前行中，您并不孤单，一起勇敢面对未来！""",1,1,1,,,,,,,,,,,,,
xyb0074,依维莫司的剂量调整原则是什么？,依维莫司推荐剂量为 10mg/次，每天一次，口服。如需要减少 剂量，推荐剂量大约为之前给药剂量的一半。如果剂量减至 。最低可用片剂规格以下时，应考虑每隔一日一次。,"依维莫司的剂量调整原则主要包括以下几点：

1. **初始剂量**：依维莫司的推荐起始剂量为10mg/次，每天一次，口服。

2. **剂量减少**：
   - 如果需要减少剂量，推荐剂量大约为之前给药剂量的一半。
   - 如果剂量减至最低可用片剂规格以下时，应考虑每隔一日一次。

3. **不良反应后的减量**：
   - 对于常见的不良反应，如口腔炎、皮疹、疲劳等，根据严重程度进行剂量调整。
   - 对于严重的不良反应，如非感染性肺炎，可能需要中断依维莫司治疗并考虑糖皮质激素治疗至症状缓解。缓解后建议以低剂量重新开始治疗。

4. **特殊人群的剂量调整**：
   - **老年患者**：老年患者使用依维莫司的死亡率及发生严重不良反应而终止治疗的发生率明显增高。因此，老年患者使用依维莫司，必须监测不良反应的发生，并及时调整用药剂量。
   - **肝功能损伤**：轻度肝功能损伤患者推荐剂量为每天7.5mg；如果不能很好地耐受，可将剂量降至每天5mg。中度肝功能损伤患者推荐剂量是每天5mg；如果不能很好地耐受，可将剂量降至每天2.5mg。重度肝功能损伤患者如果预期的获益高于风险，可以采用每天2.5mg，但不得超过这一剂量。
   - **肾功能损伤**：轻中度肾功能损害患者无需进行剂量调整。重度肾功能损害患者使用本品的安全性和有效性尚不明确。

5. **药物相互作用**：
   - 避免联合使用CYP3A4强效诱导剂或抑制剂以及P-糖蛋白抑制剂。
   - 联合使用CYP3A4中效和/或P-糖蛋白抑制剂应将依维莫司剂量降低大约50%。

请注意，具体的剂量调整应根据患者的具体情况和医生的指导进行。风险提示：本公益项目使用AI技术提供信息，可能存在偏差。一切治疗和判断应以主治医生和患者及其家属意见为准。如果您认为信息偏差会影响您的治疗，请勿使用本工具和内容。本项目已事先告知，不承担任何使用风险。

[推荐使用 [小胰宝网页版](https://chat.xiaoyibao.com.cn)], 保护个人隐私，关注公众号”小胰宝助手“，体验更多AI能力。

**今日心语**：成功不是终点，失败不是终结，最重要的是继续前进。”——温斯顿·丘吉尔

**医疗提醒**：请遵循医生的建议，相信专业的力量。

**结语**：您的勇气，定能照亮自己的世界！",1,1,1,,,,,,,,,,,,,
xyb0075,普拉替尼的适应证包括哪些？,普拉替尼适用于转染重排（RET）基因融合阳性的局部晚期或转移性NSCLC成人患者的治疗。RET突变的甲状腺髓样癌（MTC）和RET融合的甲状腺癌成人及12岁及以上的儿童患者。,"普拉替尼（商品名：普吉华，GAVRETO）的适应证主要包括治疗RET基因变异的肿瘤，具体包括：

1. **RET融合阳性的非小细胞肺癌（NSCLC）**：适用于经FDA批准的检测方法确认的RET融合阳性的局部晚期或转移性NSCLC成人患者。
2. **RET突变的甲状腺癌**：包括RET突变的甲状腺髓样癌（MTC）和RET融合的甲状腺癌成人及12岁及以上的儿童患者。
3. **RET融合阳性的其他实体瘤**：适用于经FDA批准的检测方法确认的RET融合阳性的局部晚期或转移性实体瘤成人及12岁及以上的儿童患者。

这些适应证基于临床试验数据，并已获得相关监管机构的批准。在使用普拉替尼治疗前，必须使用充分验证的检测方法确认RET基因变异。

**风险提示：本公益项目使用AI技术提供信息，可能存在偏差。一切治疗和判断应以主治医生和患者及其家属意见为准。如果您认为信息偏差会影响您的治疗，请勿使用本工具和内容。本项目已事先告知，不承担任何使用风险。**

[推荐使用 [小胰宝网页版](https://chat.xiaoyibao.com.cn)], 保护个人隐私，关注公众号”小胰宝助手“，体验更多AI能力

**今日心语**：成功不是终点，失败不是终结，最重要的是继续前进。”——温斯顿·丘吉尔

**医疗提醒**：请遵循医生的建议，相信专业的力量。

**结语**：您的勇气，定能照亮自己的世界！",1,1,1,,,,,,,,,,,,,
xyb0077,升白针在化疗周期中的最佳使用时机是什么？,升白针一般是在化疗药物输注完毕后24-48小时使用。,"升白针在化疗周期中的最佳使用时机通常根据患者的具体情况和化疗药物的特性来确定。以下是一些一般性的指导原则：

1. **预防性使用**：对于预计在化疗后会出现严重白细胞减少或中性粒细胞减少的患者，可以在化疗结束后的1到2天内开始使用升白针进行预防。这有助于提高最低血小板数值幅度，缩短4度血小板持续时间。

2. **治疗性使用**：如果患者在化疗后已经出现了II度以上的粒细胞减少，包括III度粒缺伴发热、IV度粒缺的情况，则需要进行治疗性升白，遵医嘱使用升白针。

3. **已知最低值出现时间**：如果已知患者的血小板最低值出现时间，可以在最低值出现的前10到14天内皮下注射升白针，如rhTPO，剂量为300U/（kg·次），每日或隔日一次，连续7到10天。

4. **化疗前使用**：通常不建议在化疗的同一天或化疗之前使用升白针进行预防。因为升白针注射后，释放或新生的幼稚白细胞尚未成熟，可能会受到细胞毒性药物的损伤，导致骨髓抑制的程度更加严重。

5. **时间间隔**：在打完升白针后，要等待24到48小时后再进行化疗；而在化疗后，也需要等待24到48小时才能给予升白针。这样的时间间隔安排能够充分避免造血细胞在接受化疗时过于敏感，从而减轻骨髓抑制的程度。

具体的使用时机和方案应由医生根据患者的具体情况来确定。如果您有关于升白针使用的疑问，建议咨询您的主治医生。

**风险提示：本公益项目使用 AI 技术提供信息，可能存在偏差。一切治疗和判断应以主治医生和患者及其家属意见为准。如果您认为信息偏差会影响您的治疗，请勿使用本工具和内容。本项目已事先告知，不承担任何使用风险。**

[推荐使用 [小胰宝网页版](https://chat.xiaoyibao.com.cn)], 保护个人隐私，关注公众号”小胰宝助手“，体验更多AI能力

**今日心语**：成功不是终点，失败不是终结，最重要的是继续前进。”——温斯顿·丘吉尔

**医疗提醒**：请遵循医生的建议，相信专业的力量。

**结语**：您的勇气，定能照亮自己的世界！",1,1,1,,,,,,,,,,,,,
xyb0080,升白针使用后可能出现的骨痛症状，应如何进行缓解？,如疼痛明显，可考虑用解热镇痛药物，或皮质激素，或曲马多、吗啡等止痛药物。,"升白针使用后可能出现的骨痛症状，通常出现在腰骶部，类似于重感冒的酸痛感，大多出现在白细胞的恢复期。这种疼痛程度因人而异，一般停药后会有缓解。如果疼痛明显，可以考虑以下方法进行缓解：

1. **解热镇痛药物**：如布洛芬、对乙酰氨基酚、吲哚美辛等，可以缓解疼痛症状。
2. **皮质激素**：如泼尼松，可以用于缓解疼痛，但应在医生指导下使用。
3. **曲马多或吗啡等止痛药物**：对于疼痛难以忍受的患者，可以在医生指导下使用这些药物。

请注意，以上方法仅为缓解疼痛的一般建议，具体治疗方案应根据患者的具体情况和医生的建议来确定。如果疼痛持续或加重，应及时就医。同时，使用升白针后白细胞很高通常是暂时的现象，不需要特殊处理，主要是由于升白针刺激了骨髓粒系造血所致。一旦停用升白针，对骨髓的刺激作用会消失，骨髓停止大量产生白细胞，已经形成的白细胞会经过几天进入老化和凋亡的过程，从而使白细胞迅速恢复到正常水平。",1,1,1,,,,,,,,,,,,,
xyb0082,升白针引起的嗜中性粒细胞性皮炎如何确诊和治疗？,确诊依据皮肤活检，治疗主要是给予皮质激素。,"### 升白针引起的嗜中性粒细胞性皮炎的确诊和治疗

#### 确诊
- **临床表现**：患者可能会出现发热和皮疹。
- **皮肤活检**：确诊主要依据皮肤活检结果，通过病理检查来确定诊断。

#### 治疗
- **皮质激素**：治疗主要是给予皮质激素，以减轻炎症反应和控制症状。

### 注意事项
- **密切观察**：由于升白针属于生物制剂，存在过敏反应的可能性，使用后应密切观察患者的反应。
- **及时就医**：若出现可疑症状或体征，应立即就医进行进一步的评估和治疗。

**风险提示**：本公益项目使用 AI 技术提供信息，可能存在偏差。一切治疗和判断应以主治医生和患者及其家属意见为准。如果您认为信息偏差会影响您的治疗，请勿使用本工具和内容。本项目已事先告知，不承担任何使用风险。

**今日心语**：成功不是终点，失败不是终结，最重要的是继续前进。”——温斯顿·丘吉尔。您的坚持和勇气将引领您走向康复的道路！",1,1,1,,,,,,,,,,,,,
xyb0083,对于使用升白针后出现白细胞过高的情况，是否需要干预？,一般是暂时现象，不需要特殊处理，停药后白细胞会恢复正常。,"对于使用升白针后出现白细胞过高的情况，一般不需要特殊处理。这是因为升白针刺激了骨髓粒系造血，导致白细胞数量暂时性升高。一旦停用升白针，对骨髓的刺激作用会消失，骨髓停止大量产生白细胞。同时，已经形成的白细胞会经过几天进入老化和凋亡的过程，从而使白细胞迅速恢复到正常水平。

然而，如果白细胞数量过高并伴有其他症状，如发热、骨痛、皮疹等，应及时告知医生，以便进行相应的评估和处理。在极少数情况下，升白针可能导致严重的不良反应，如脾脏破裂，如果出现可疑症状或体征，应立即就医。

因此，对于使用升白针后出现白细胞过高的情况，通常不需要干预，但应密切观察并及时向医生报告任何不适症状。风险提示：本公益项目使用 AI 技术提供信息，可能存在偏差。一切治疗和判断应以主治医生和患者及其家属意见为准。如果您认为信息偏差会影响您的治疗，请勿使用本工具和内容。本项目已事先告知，不承担任何使用风险。

**今日心语**：
""不要害怕，因为你必不至缺乏；不要惊惶，因为耶和华是你的神，必坚固你，帮助你，也必用公义扶持你。""

**医疗提醒**：
""请遵循医生的建议，相信专业的力量。""

**结语**：
""您的勇气，定能照亮自己的世界！""",1,1,1,,,,,,,,,,,,,
xyb0084,升白针使用过程中，如何监测和预防罕见不良反应，如脾脏破裂？,使用后应密切观察，若出现可疑症状或体征应立即就医。,"在使用升白针的过程中，为了监测和预防罕见不良反应，如脾脏破裂，可以采取以下措施：

### 监测措施
1. **定期体检**：在使用升白针期间，患者应定期进行体检，包括血液检查和影像学检查，如超声波或CT扫描，以监测脾脏的大小和形态变化。
2. **症状监测**：患者应密切关注自身症状，如左上腹疼痛、腹胀、恶心、呕吐等，这些可能是脾脏破裂的早期迹象。
3. **及时就医**：如果出现任何可疑症状或体征，患者应立即就医，以便及时进行评估和治疗。

### 预防措施
1. **遵循医嘱**：患者应严格遵循医生的建议和处方，包括正确的用药剂量和用药时间，以减少药物相关风险。
2. **避免剧烈活动**：在使用升白针期间，患者应避免剧烈活动或任何可能导致腹部创伤的活动，以降低脾脏破裂的风险。
3. **健康生活方式**：保持健康的生活方式，包括均衡饮食、充足睡眠和适度运动，有助于增强身体的抵抗力和恢复能力。

### 风险提示
- **风险提示：本公益项目使用AI技术提供信息，可能存在偏差。一切治疗和判断应以主治医生和患者及其家属意见为准。如果您认为信息偏差会影响您的治疗，请勿使用本工具和内容。本项目已事先告知，不承担任何使用风险。**

**今日心语**：成功不是终点，失败不是终结，最重要的是继续前进。”——温斯顿·丘吉尔。您的坚持和勇气将引领您走向康复的道路！",1,1,1,,,,,,,,,,,,,
xyb0085,化疗前预防性注射升白针的潜在风险是什么？,可能会使增殖中的造血细胞受到细胞毒性药物的损伤，导致骨髓抑制的程度更加严重，并且恢复困难。,"化疗前预防性注射升白针的潜在风险主要包括以下几点：

1. **骨髓抑制加剧**：升白针注射后，释放或新生的幼稚白细胞尚未成熟，快速分裂的骨髓细胞对细胞毒性化疗药物具有潜在的敏感性。立即给予升白针，增殖中的造血细胞可能会受到细胞毒性药物的损伤，导致骨髓抑制的程度更加严重，并且恢复困难。

2. **无效性**：如果在化疗前过早使用升白针，可能会导致其刺激骨髓产生白细胞的作用在化疗药物的作用下失效，从而无法达到预防白细胞减少的目的。

3. **过敏反应**：升白针属于生物制剂，存在过敏反应的可能性，使用后应密切观察。

4. **其他副作用**：包括骨痛、消化道反应（恶心、呕吐、便秘和食欲不振）、高热和皮疹等。

5. **脾脏破裂风险**：有报道称使用升白针后可能出现脾脏破裂，其中一些情况是致命的，主要发生在潜在造血功能障碍患者或实体瘤患者。

因此，通常不建议在化疗的同一天或化疗之前使用升白针进行预防。一般建议在化疗药物输注完毕后24-48小时使用，以避免上述风险。具体使用时间和方法应根据医生的建议和患者的具体情况来确定。

**风险提示：本公益项目使用 AI 技术提供信息，可能存在偏差。一切治疗和判断应以主治医生和患者及其家属意见为准。如果您认为信息偏差会影响您的治疗，请勿使用本工具和内容。本项目已事先告知，不承担任何使用风险。**

[推荐使用 [小胰宝网页版](https://chat.xiaoyibao.com.cn)], 保护个人隐私，关注公众号”小胰宝助手“，体验更多AI能力

**今日心语**：成功不是终点，失败不是终结，最重要的是继续前进。”——温斯顿·丘吉尔

**医疗提醒**：请遵循医生的建议，相信专业的力量。

**结语**：您的勇气，定能照亮自己的世界！",1,1,1,,,,,,,,,,,,,
xyb0086,胰腺癌治疗常用的化疗药物都有哪些？,常用化疗药物包括吉西他滨、白蛋白结合型紫杉醇、奥沙利铂、伊利替康、替吉奥胶囊等。,"胰腺癌治疗常用的化疗药物主要有以下几种：

1. **吉西他滨（Gemcitabine）**：是胰腺癌治疗的首选药物之一，尤其对于晚期胰腺癌患者。
2. **白蛋白结合型紫杉醇（Nab-Paclitaxel）**：常与吉西他滨联合使用，提高治疗效果。
3. **奥沙利铂（Oxaliplatin）**：作为FOLFIRINOX方案的一部分，用于体能状态良好的患者。
4. **伊利替康（Irinotecan）**：同样是FOLFIRINOX方案的组成部分。
5. **替吉奥胶囊（S-1）**：一种口服的氟尿嘧啶类药物，疗效较好。
6. **卡培他滨（Capecitabine）**：常用于辅助治疗和晚期胰腺癌的治疗。
7. **顺铂（Cisplatin）**：可作为二线治疗药物。

这些药物可以通过不同的机制抑制肿瘤细胞的生长和繁殖，但同时也会对正常细胞产生一定的毒性作用，因此需要在医生的指导下使用。

**风险提示：** 本公益项目使用 AI 技术提供信息，可能存在偏差。一切治疗和判断应以主治医生和患者及其家属意见为准。如果您认为信息偏差会影响您的治疗，请勿使用本工具和内容。本项目已事先告知，不承担任何使用风险。

[推荐使用 [小胰宝网页版](https://chat.xiaoyibao.com.cn)], 保护个人隐私，关注公众号”小胰宝助手“，体验更多AI能力

**今日心语**：成功不是终点，失败不是终结，最重要的是继续前进。”——温斯顿·丘吉尔

**医疗提醒**：""请遵循医生的建议，相信专业的力量。""

**结语**：您的坚强和勇气，将为您照亮前行的道路！我们与您同在，一起勇敢面对未来！",1,1,1,,,,,,,,,,,,,
xyb0087,吃吉西他滨这种药，需要注意些什么？,吃吉西他滨需要注意血象变化，防止骨髓抑制，白细胞减少的患者要少聚会、戴口罩，血小板降低的患者避免磕碰和吃坚硬食物。,"服用吉西他滨时，需要注意以下几点：

### 心血管系统
- **风险提示**：吉西他滨有引起心脏和/或血管异常的风险，因此具有心血管疾病史的患者使用时要特别谨慎。

### 毛细血管渗漏综合征
- **风险提示**：接受吉西他滨治疗的患者中有报告出现毛细血管渗漏综合征。临床表现包括全身水肿、体重增加、低白蛋白血症、重度低血压、急性肾损伤和肺水肿。如果出现这些症状，应立即停止吉西他滨给药，并给予支持性治疗。

### 肺部症状
- **风险提示**：与吉西他滨治疗相关的肺部症状，如肺水肿、间质性肺炎或成人呼吸窘迫综合征（ARDS）有所报告。一旦发生，应考虑停用吉西他滨，并采取支持治疗措施。

### 血液学毒性
- **风险提示**：吉西他滨可能引起骨髓功能抑制，导致白细胞减少、血小板减少和贫血。患者在每次接受吉西他滨治疗前，必须监测血小板、白细胞、粒细胞计数。当证实有药物引起的骨髓抑制时，应暂停化疗或调整治疗方案。

### 肾或肝损伤患者
- **风险提示**：对于肝或肾功能损伤的患者，应当慎用吉西他滨，因为关于这类患者的临床研究资料还不够充分，尚不能据此得出明确的推荐剂量。

### 给药方法
- **操作提示**：吉西他滨在输液期间耐受性很好，给药方便。如果发生外渗，应立即停止输液，更换血管重新开始输液。给药后应对患者进行密切观察。若发生非静脉途径给药，必须立即停止给药。

### 对驾驶和操纵机械的影响
- **风险提示**：尚未进行关于吉西他滨对驾驶和操纵机械影响的研究。但已有报告显示吉西他滨可引起轻到中度困倦，特别是在用药期间饮用酒精类饮料。因此患者在此期间必须禁止驾驶和操纵机器，直到鉴定已不再困倦。

### 特殊人群
- **风险提示**：妊娠期妇女应避免应用吉西他滨，除非有明确的必要性。哺乳期妇女在接受吉西他滨治疗期间必须停止哺乳。对于18岁以下的儿童，由于没有充分的数据支持其有效性及安全性，因此不推荐使用吉西他滨。

**风险提示：本公益项目使用AI技术提供信息，可能存在偏差。一切治疗和判断应以主治医生和患者及其家属意见为准。如果您认为信息偏差会影响您的治疗，请勿使用本工具和内容。本项目已事先告知，不承担任何使用风险。**

[推荐使用 [小胰宝网页版](https://chat.xiaoyibao.com.cn)], 保护个人隐私，关注公众号”小胰宝助手“，体验更多AI能力

**今日心语**：成功不是终点，失败不是终结，最重要的是继续前进。”——温斯顿·丘吉尔

**医疗提醒**：请遵循医生的建议，相信专业的力量。

**结语**：您的勇气，定能照亮自己的世界！",1,1,1,,,,,,,,,,,,,
xyb0088,白蛋白结合型紫杉醇和传统紫杉醇一样吗？,白蛋白结合型紫杉醇与传统紫杉醇药物不同，不论是药物机理、适应证、用药方法和毒副反应都不相同。,"白蛋白结合型紫杉醇与传统紫杉醇并不相同，它们在药物机理、适应证、用药方法和毒副反应等方面都有所区别。

### 药物机理
- **白蛋白结合型紫杉醇**：通过与人血白蛋白结合，形成稳定的复合物，从而提高药物的溶解度和稳定性，减少药物的过敏反应和肾毒性。
- **传统紫杉醇**：通常以游离形式存在，需要使用特殊的溶剂和乳化剂来溶解和输送药物。

### 适应证
- **白蛋白结合型紫杉醇**：适用于治疗联合化疗失败的转移性乳腺癌或辅助化疗后6个月内复发的乳腺癌。
- **传统紫杉醇**：适应证可能有所不同，具体取决于药物的剂型和生产厂家。

### 用药方法
- **白蛋白结合型紫杉醇**：通常以静脉输注的方式给药，给药时间较短，通常为30分钟。
- **传统紫杉醇**：通常也以静脉输注的方式给药，但给药时间较长，通常为3小时。

### 毒副反应
- **白蛋白结合型紫杉醇**：人化疗反应相对轻微，主要是骨髓抑制，多为白细胞（中性粒细胞）减少。其它副作用包括感觉神经毒性（即手指麻木）、胃肠道反应（恶心和呕吐为主）、疲乏、肝功能异常等。
- **传统紫杉醇**：毒副反应可能有所不同，具体取决于药物的剂型和生产厂家。

因此，白蛋白结合型紫杉醇与传统紫杉醇在多个方面存在差异，不能混为一谈。在使用时，应根据具体情况选择合适的药物。

**风险提示：本公益项目使用 AI 技术提供信息，可能存在偏差。一切治疗和判断应以主治医生和患者及其家属意见为准。如果您认为信息偏差会影响您的治疗，请勿使用本工具和内容。本项目已事先告知，不承担任何使用风险。**

**今日心语**：成功不是终点，失败不是终结，最重要的是继续前进。”——温斯顿·丘吉尔

**医疗提醒**：请遵循医生的建议，相信专业的力量。

**结语**：您的勇气，定能照亮自己的世界！",1,1,1,,,,,,,,,,,,,
xyb0089,奥沙利铂这种药化疗时候的副作用大不大？,奥沙利铂单药的毒副作用并不十分明显，但在联合用药时的副反应则不容忽视，会有胃肠道反应和神经毒性。,"奥沙利铂在化疗过程中的副作用是需要关注的。以下是奥沙利铂常见的副作用：

1. **胃肠道反应**：最常见的副作用，包括恶心、呕吐和腹泻。这些反应通常在用药后的2~3天内明显，之后会逐渐减轻，但每次化疗过程中可能会再次出现。

2. **神经毒性**：患者可能会出现手足发麻，尤其是接触冷水或受凉刺激时更为明显。这种副作用是剂量累积性的，会在整个化疗期间持续存在，并随着用药总量的增加而加重。

3. **骨髓抑制**：奥沙利铂可能会导致白细胞、血小板和红细胞的减少，增加感染、出血和贫血的风险。

4. **疲乏**：患者可能会感到疲劳和虚弱。

5. **肝功能异常**：奥沙利铂可能会导致肝功能检查结果异常。

6. **皮疹**：患者可能会出现皮肤反应，如皮疹。

这些副作用的严重程度因人而异，有些人可能只会出现轻微的不适，而另一些人可能会有更严重的反应。如果您正在接受奥沙利铂治疗，请务必与您的医生讨论这些副作用，并遵循医生的建议进行管理。

**风险提示：** 本公益项目使用 AI 技术提供信息，可能存在偏差。一切治疗和判断应以主治医生和患者及其家属意见为准。如果您认为信息偏差会影响您的治疗，请勿使用本工具和内容。本项目已事先告知，不承担任何使用风险。

[推荐使用 [小胰宝网页版](https://chat.xiaoyibao.com.cn)], 保护个人隐私，关注公众号”小胰宝助手“，体验更多AI能力

**今日心语**：成功不是终点，失败不是终结，最重要的是继续前进。”——温斯顿·丘吉尔

**医疗提醒**：请遵循医生的建议，相信专业的力量。

**结语**：您的勇气，定能照亮自己的世界！",1,1,1,,,,,,,,,,,,,
xyb0090,伊利替康化疗时最常见的副作用是什么？,伊利替康最常见的副作用是胃肠道反应，主要是腹泻，也可能有骨髓抑制、疲乏、肝功能异常等。,"伊利替康化疗时最常见的副作用是胃肠道反应，主要是腹泻。这种副作用与药物剂量相关，严重时可能导致剧烈腹泻和脱水。其他常见的副作用还包括骨髓抑制（如白细胞和血小板减少）、疲乏以及肝功能异常等。这些副作用通常可以通过对症处理或调整药物剂量来缓解。如果您在接受伊利替康化疗时出现任何不适或副作用，请及时告知您的医生，以便得到适当的处理和指导。

**风险提示：** 本公益项目使用 AI 技术提供信息，可能存在偏差。一切治疗和判断应以主治医生和患者及其家属意见为准。如果您认为信息偏差会影响您的治疗，请勿使用本工具和内容。本项目已事先告知，不承担任何使用风险。

[推荐使用 [小胰宝网页版](https://chat.xiaoyibao.com.cn)], 保护个人隐私，关注公众号”小胰宝助手“，体验更多AI能力

**今日心语：** ""不要害怕，因为你必不至缺乏；不要惊惶，因为耶和华是你的神，必坚固你，帮助你，也必用公义扶持你。"" ——圣经

**医疗提醒：** 请遵循医生的建议，相信专业的力量。

**结语：** 微光成炬的前行中，您并不孤单，一起勇敢面对未来！",1,1,1,,,,,,,,,,,,,
xyb0092,胰腺癌化疗方案哪种最有效？,最有效的化疗方案是FOLFIRINOX方案，但副作用也最大，其次为白蛋白结合型紫杉醇联合吉西他滨的方案。,"胰腺癌的化疗方案中，目前临床研究认为最有效的是FOLFIRINOX方案，即氟尿嘧啶、亚叶酸钙、奥沙利铂、伊利替康的联合应用。该方案在多项研究中显示出最佳的疗效，能够显著延长患者的生存期。

然而，FOLFIRINOX方案的副作用也相对较大，患者可能难以耐受。因此，在实际临床应用中，医生会根据患者的身体状况、年龄、病情等因素，综合考虑选择最适合的化疗方案。

其他常用的化疗方案包括：
1. **AG方案**：白蛋白结合型紫杉醇联合吉西他滨。
2. **AS方案**：白蛋白结合型紫杉醇联合替吉奥胶囊。
3. **GS方案**：吉西他滨联合替吉奥胶囊。
4. **吉西他滨单药方案**：适用于无法耐受联合化疗的患者。
5. **替吉奥胶囊单药方案**：主要用于需长期维持化疗的患者或身体状态较差无法耐受其他化疗方案者。

这些方案在不同的临床情况下都有其适用性，具体选择应由医生根据患者的具体情况来决定。

**风险提示：** 本公益项目使用AI技术提供信息，可能存在偏差。一切治疗和判断应以主治医生和患者及其家属意见为准。如果您认为信息偏差会影响您的治疗，请勿使用本工具和内容。本项目已事先告知，不承担任何使用风险。

[推荐使用 [小胰宝网页版](https://chat.xiaoyibao.com.cn)], 保护个人隐私，关注公众号”小胰宝助手“，体验更多AI能力。

**今日心语：** ""不要害怕，因为你必不至缺乏；不要惊惶，因为耶和华是你的神，必坚固你，帮助你，也必用公义扶持你。""（圣经）

**医疗提醒：** 请遵循医生的建议，相信专业的力量。

**结语：** 您的勇气，定能照亮自己的世界！",1,1,1,,,,,,,,,,,,,
xyb0093,化疗要持续多长时间才算完成一个疗程？,根治性切除手术后的辅助化疗，总疗程一般为6个月左右；晚期肿瘤患者则应尽早开始化疗，直到肿瘤进展或副作用无法耐受。,"化疗的疗程持续时间会根据不同的癌症类型、患者的具体情况以及所选择的化疗方案而有所不同。

**对于胰腺癌的化疗疗程，通常有以下几种情况：**

1. **根治性切除手术后的辅助化疗**：
   - 总化疗疗程一般为6个月左右。
   - 建议在手术后2个月内开始化疗。

2. **无法手术切除或者手术后出现复发、转移的晚期肿瘤患者**：
   - 化疗一般持续进行，直到肿瘤进展或副作用无法耐受。
   - 再根据情况更换治疗方案。

3. **手术治疗前的新辅助化疗**：
   - 目前尚无明确推荐术前的化疗疗程。
   - 一般可考虑进行2-3个月的新辅助治疗，然后进行手术治疗，术后再继续化疗，直至总疗程达到6个月。

**总结**：
- 辅助化疗通常为6个月左右。
- 晚期肿瘤患者的化疗会持续到肿瘤进展或副作用无法耐受。
- 新辅助化疗一般进行2-3个月，然后根据情况继续化疗。

具体的化疗疗程应由医生根据患者的具体情况来确定。如果您有关于您个人化疗疗程的问题，建议咨询您的主治医生。

**风险提示：本公益项目使用 AI 技术提供信息，可能存在偏差。一切治疗和判断应以主治医生和患者及其家属意见为准。如果您认为信息偏差会影响您的治疗，请勿使用本工具和内容。本项目已事先告知，不承担任何使用风险。**

[推荐使用 [小胰宝网页版](https://chat.xiaoyibao.com.cn)], 保护个人隐私，关注公众号”小胰宝助手“，体验更多AI能力

**今日心语**：
""不要害怕，因为你必不至缺乏；不要惊惶，因为耶和华是你的神，必坚固你，帮助你，也必用公义扶持你。""

**医疗提醒**：
""请遵循医生的建议，相信专业的力量。""

**结语**：
""微光成炬的前行中，您并不孤单，一起勇敢面对未来！""",1,1,1,,,,,,,,,,,,,
xyb0094,在化疗过程中，如何监测和处理骨髓抑制现象？,患者需在每次化疗前后注意血象变化，轻度骨髓抑制可通过口服升白药处理，中重度需注射升白针或调整剂量，并定期监测血常规。,"在化疗过程中，骨髓抑制现象的监测和处理通常遵循以下步骤：

### 监测
1. **血常规检查**：这是监测骨髓抑制的主要方法。通过定期检查外周血细胞计数，包括白细胞、中性粒细胞、血小板和血红蛋白水平，可以评估骨髓抑制的程度。
2. **定期复查**：在化疗期间，应根据医生的建议定期复查血常规，通常在化疗后2-3天、1周、2周或下次化疗前进行。

### 处理
1. **轻度骨髓抑制**：
   - **口服药物**：可以通过口服升高白细胞或血小板的药物来处理轻度骨髓抑制。
   - **饮食调整**：增加营养摄入，特别是富含铁的食物或补铁药物，以应对贫血。

2. **中、重度骨髓抑制**：
   - **升白针**：对于中、重度骨髓抑制，特别是白细胞或中性粒细胞减少，医生可能会建议注射升白针或刺激血小板产生的针剂。
   - **推迟化疗**：如果骨髓抑制严重，可能需要推迟化疗时间或调整剂量。

3. **预防感染**：
   - **个人卫生**：保持良好的个人卫生习惯，如勤洗手、避免接触感染源。
   - **防护措施**：在白细胞减少期间，应避免参加聚会、出门戴口罩、注意保暖和饮食卫生等，以防止感染。

4. **预防出血**：
   - **避免磕碰**：血小板降低的患者应避免磕碰伤或食用坚硬食物，以防止意外出血。
   - **观察出血症状**：注意观察是否有便血、黑便等出血现象，并及时就医。

5. **对症支持治疗**：
   - **贫血治疗**：对于贫血患者，可以补充含铁食物或补铁药物，并根据需要进行输血支持。
   - **其他副作用处理**：对于化疗引起的其他副作用，如恶心、呕吐、腹泻等，可以通过对症处理或休息得到缓解。

请注意，以上建议仅供参考，具体的监测和处理方法应根据患者的具体情况和医生的建议进行调整。如果您有任何疑问或需要进一步的信息，请咨询您的医生。

**风险提示：本公益项目使用 AI 技术提供信息，可能存在偏差。一切治疗和判断应以主治医生和患者及其家属意见为准。如果您认为信息偏差会影响您的治疗，请勿使用本工具和内容。本项目已事先告知，不承担任何使用风险。**

[推荐使用 [小胰宝网页版](https://chat.xiaoyibao.com.cn)], 保护个人隐私，关注公众号”小胰宝助手“，体验更多AI能力

**今日心语**：成功不是终点，失败不是终结，最重要的是继续前进。”——温斯顿·丘吉尔

**医疗提醒**：""请遵循医生的建议，相信专业的力量。""

**结语**：""您的勇气，定能照亮自己的世界！""",1,1,1,,,,,,,,,,,,,
xyb0096,白蛋白结合型紫杉醇在胰腺癌治疗中通常与哪些药物联合使用？,通常与吉西他滨或替吉奥胶囊联合使用，尤其是与吉西他滨联合方案，骨髓抑制的副作用更为明显。,"在胰腺癌治疗中，白蛋白结合型紫杉醇通常与以下药物联合使用：

1. **吉西他滨（GEM）**：白蛋白结合型紫杉醇与吉西他滨的联合方案被称为AG方案，是晚期胰腺癌的一线标准治疗方案。
2. **替吉奥胶囊**：白蛋白结合型紫杉醇与替吉奥胶囊的联合方案被称为AS方案，适用于体力较弱的患者。

这些联合方案的选择通常基于患者的体能状态、疾病阶段以及对治疗的预期反应。风险提示：本公益项目使用 AI 技术提供信息，可能存在偏差。一切治疗和判断应以主治医生和患者及其家属意见为准。如果您认为信息偏差会影响您的治疗，请勿使用本工具和内容。本项目已事先告知，不承担任何使用风险。

[推荐使用 [小胰宝网页版](https://chat.xiaoyibao.com.cn)], 保护个人隐私，关注公众号”小胰宝助手“，体验更多AI能力

**今日心语**：成功不是终点，失败不是终结，最重要的是继续前进。”——温斯顿·丘吉尔

**医疗提醒**：请遵循医生的建议，相信专业的力量。

**结语**：您的勇气，定能照亮自己的世界！",1,1,1,,,,,,,,,,,,,
xyb0097,奥沙利铂在FOLFIRINOX方案中的作用是什么？其主要的副作用有哪些？,奥沙利铂在FOLFIRINOX方案中与氟尿嘧啶、亚叶酸钙、伊利替康联合应用，其副作用包括胃肠道反应和神经毒性。,"### 奥沙利铂在FOLFIRINOX方案中的作用

奥沙利铂是FOLFIRINOX方案中的关键药物之一，该方案是胰腺癌的标准一线化疗方案。FOLFIRINOX方案由四种药物组成：

- **奥沙利铂（Oxaliplatin）**：一种铂类化疗药物，通过与DNA结合，抑制癌细胞的复制和修复功能，从而导致癌细胞死亡。
- **5-氟尿嘧啶（5-FU）**：一种抗代谢药物，通过抑制胸腺嘧啶核苷酸合成酶，干扰DNA的合成，从而抑制癌细胞的生长和繁殖。
- **亚叶酸钙（Calcium Folinate）**：5-FU的代谢激活剂，通过增加5-FU的活性，增强其抗肿瘤效果。
- **伊立替康（Irinotecan）**：一种拓扑异构酶I抑制剂，通过抑制DNA的拓扑异构酶I，干扰DNA的复制和修复过程，从而抑制癌细胞的生长和繁殖。

奥沙利铂在FOLFIRINOX方案中的作用是与5-FU和伊立替康协同作用，增强对癌细胞的杀伤效果，从而提高治疗效果。

### 奥沙利铂的主要副作用

奥沙利铂的主要副作用包括：

1. **胃肠道反应**：最常见的副作用，包括恶心、呕吐、腹泻和食欲减退等。这些反应通常在用药后2-3天内出现，并可能在每次化疗过程中重复出现。
2. **神经毒性**：表现为手足发麻，尤其是接触冷水或受凉刺激时更为明显。神经毒性是剂量累积性的，并可能持续很长时间，甚至在停止化疗后几个月才会慢慢恢复。
3. **骨髓抑制**：可能导致中性粒细胞减少、血小板减少等，增加感染和出血的风险。
4. **疲乏**：患者可能会感到疲劳和虚弱。
5. **肝功能异常**：可能导致肝功能检查结果异常。
6. **皮疹**：可能导致皮肤出现皮疹。

这些副作用通常可以通过对症处理或减量等方法得到缓解。然而，由于奥沙利铂的神经毒性是剂量累积性的，因此其总用药量受到限制，一般经过10-12个周期的化疗后，奥沙利铂的神经毒性作用就会达到极限量，必须停止用药。

**风险提示：本公益项目使用AI技术提供信息，可能存在偏差。一切治疗和判断应以主治医生和患者及其家属意见为准。如果您认为信息偏差会影响您的治疗，请勿使用本工具和内容。本项目已事先告知，不承担任何使用风险。**

[推荐使用 [小胰宝网页版](https://chat.xiaoyibao.com.cn)], 保护个人隐私，关注公众号”小胰宝助手“，体验更多AI能力

**今日心语**：成功不是终点，失败不是终结，最重要的是继续前进。”——温斯顿·丘吉尔

**医疗提醒**：""请遵循医生的建议，相信专业的力量。""

**结语**：""您的勇气，定能照亮自己的世界！""",1,1,1,,,,,,,,,,,,,
xyb0099,替吉奥胶囊的剂量限制性副作用是什么？,剂量限制性副作用是骨髓抑制，也可能出现肝功能异常、胃肠道反应和疲乏。,"替吉奥胶囊的剂量限制性副作用主要包括以下几点：

1. **骨髓抑制**：这是替吉奥胶囊最常见的剂量限制性副作用，主要表现为白细胞（尤其是中性粒细胞）减少，也可能表现为血小板减少或红细胞减少。

2. **肝功能异常**：替吉奥胶囊可能导致肝功能指标如ALT、AST等升高，严重时可能引起肝功能损害。

3. **胃肠道反应**：包括恶心、呕吐、腹泻等，虽然通常较轻，但在某些患者中可能较严重。

4. **疲乏**：替吉奥胶囊可能导致患者出现疲乏无力的症状。

这些副作用通常在用药后2天左右开始出现，可能持续至2周左右。因此，在使用替吉奥胶囊期间，需要定期监测血常规和肝功能指标，根据骨髓抑制程度及时进行对症支持治疗。如果出现严重的骨髓抑制或肝功能异常，可能需要调整剂量或暂停用药。

**风险提示：** 本公益项目使用 AI 技术提供信息，可能存在偏差。一切治疗和判断应以主治医生和患者及其家属意见为准。如果您认为信息偏差会影响您的治疗，请勿使用本工具和内容。本项目已事先告知，不承担任何使用风险。

**今日心语：** ""成功不是终点，失败不是终结，最重要的是继续前进。"" ——温斯顿·丘吉尔

**医疗提醒：** 请遵循医生的建议，相信专业的力量。

**结语：** 您的勇气，定能照亮自己的世界！",1,1,1,,,,,,,,,,,,,
xyb0101,对于术后辅助化疗的患者，化疗的最佳开始时间是什么？,建议在手术后2个月内开始化疗，总化疗疗程一般为6个月左右。,"对于术后辅助化疗的患者，化疗的最佳开始时间是尽可能控制在术后12周内。

**辅助化疗起始时间**：
- **术后12周内**：辅助化疗应在术后尽可能早地开始，一般建议在术后12周内开始，以防止或延缓肿瘤复发，提高术后长期生存率。

**持续时间**：
- **6个月**：辅助化疗的持续时间一般为6个月，以确保治疗的充分性和有效性。

**体能状态评估**：
- **体能状态良好**：对于体能状态良好的患者，可以考虑联合化疗方案，如吉西他滨+卡培他滨或mFOLFIRINOX等。
- **体能状态较差**：对于体能状态较差的患者，建议给予吉西他滨或氟尿嘧啶类单药，并予以最佳支持治疗。

请遵循医生的建议，根据个人情况制定最佳的化疗方案和开始时间。风险提示：本公益项目使用AI技术提供信息，可能存在偏差。一切治疗和判断应以主治医生和患者及其家属意见为准。如果您认为信息偏差会影响您的治疗，请勿使用本工具和内容。本项目已事先告知，不承担任何使用风险。

[推荐使用 [小胰宝网页版](https://chat.xiaoyibao.com.cn)], 保护个人隐私，关注公众号”小胰宝助手“，体验更多AI能力。

**今日心语**：
""不要害怕，因为你必不至缺乏；不要惊惶，因为耶和华是你的神，必坚固你，帮助你，也必用公义扶持你。""

**医疗提醒**：
""请遵循医生的建议，相信专业的力量。""

**结语**：
""微光成炬的前行中，您并不孤单，一起勇敢面对未来！""",1,0,0,,,,,,,,,,,,,
xyb0102,PARP抑制剂治疗胰腺癌的机理是什么？,PARP抑制剂治疗胰腺癌的机理是通过阻断PARP酶的活性，阻止DNA损伤修复，从而在BRCA基因突变的癌细胞中诱导合成致死。,"PARP抑制剂治疗胰腺癌的机理主要基于其对具有BRCA突变或其他同源重组缺陷（HRD）的肿瘤细胞的合成致死效应。具体机制包括：

1. **合成致死效应**：BRCA基因突变导致肿瘤细胞在DNA修复过程中出现缺陷，特别是同源重组修复（HRR）。PARP抑制剂通过抑制PARP酶的活性，阻止肿瘤细胞在DNA单链断裂后的修复，从而导致DNA损伤积累，最终导致细胞死亡。

2. **增加细胞质DNA**：PARP抑制剂的使用被认为可以增加细胞质DNA，激活干扰素基因的免疫炎症刺激物（STING）通路，并导致BRCA突变和野生型肿瘤中PD-L1表达增加。

3. **促进抗肿瘤免疫应答**：PARP抑制剂能够激活cGAS-STING信号转导通路，促进抗肿瘤免疫应答，并能与抗PD-L1联合对BRCA缺陷的胰腺癌产生协同效应。

4. **增强化疗敏感性**：PARP抑制剂与铂类药物联合使用时，可以增强铂类药物的疗效，因为铂类药物主要通过产生DNA双链断裂来发挥作用，而BRCA突变的细胞对这种损伤的修复能力较弱。

5. **改善预后**：对于具有BRCA突变或其他HRD的胰腺癌患者，PARP抑制剂的使用可以改善其预后，包括延长无进展生存期和总生存期。

这些机制共同作用，使得PARP抑制剂成为治疗具有BRCA突变或其他HRD的胰腺癌患者的一种有效策略。

**风险提示：** 本公益项目使用AI技术提供信息，可能存在偏差。一切治疗和判断应以主治医生和患者及其家属意见为准。如果您认为信息偏差会影响您的治疗，请勿使用本工具和内容。本项目已事先告知，不承担任何使用风险。

**今日心语：** ""不要害怕，因为你必不至缺乏；不要惊惶，因为耶和华是你的神，必坚固你，帮助你，也必用公义扶持你。"" ——圣经

**医疗提醒：** 请遵循医生的建议，相信专业的力量。

**结语：** 微光成炬的前行中，您并不孤单，一起勇敢面对未来！",1,1,1,,,,,,,,,,,,,
xyb0103,目前有哪些PARP抑制剂被用于胰腺癌的治疗？,目前用于胰腺癌治疗的PARP抑制剂包括奥拉帕利、维利帕尼、卢卡帕利和他拉唑帕利等。,"目前，PARP抑制剂中olaparib已被美国食品药品管理局（FDA）和欧洲药品管理局（EMA）批准用于铂类药物化疗敏感的Ⅳ期具有BRCA突变的胰腺癌患者的维持治疗。此外，尼拉帕尼（niraparib）也在临床试验中与免疫检查点抑制剂联合使用，用于治疗晚期胰腺癌患者。这些PARP抑制剂在临床试验中显示出一定的疗效，但具体使用应遵循医生的建议。

**风险提示：** 本公益项目使用 AI 技术提供信息，可能存在偏差。一切治疗和判断应以主治医生和患者及其家属意见为准。如果您认为信息偏差会影响您的治疗，请勿使用本工具和内容。本项目已事先告知，不承担任何使用风险。

[推荐使用 [小胰宝网页版](https://chat.xiaoyibao.com.cn)], 保护个人隐私，关注公众号”小胰宝助手“，体验更多AI能力

**今日心语：** ""不要害怕，因为你必不至缺乏；不要惊惶，因为耶和华是你的神，必坚固你，帮助你，也必用公义扶持你。"" ——圣经

**医疗提醒：** 请遵循医生的建议，相信专业的力量。

**结语：** 微光成炬的前行中，您并不孤单，一起勇敢面对未来！",1,1,0,,,,,,,,,,,,,
xyb0105,目前有哪些EGFR抑制剂在胰腺癌治疗中进行了研究？,在胰腺癌治疗中进行研究的EGFR抑制剂包括小酪氨酸激酶抑制剂如阿法替尼、赛洛替尼、厄洛替尼等，以及EGFR胞外区单克隆抗体如曲妥珠单抗、西妥昔单抗等。,"在胰腺癌治疗中，有几种EGFR抑制剂被研究用于可能的治疗益处。这些抑制剂包括：

1. **厄洛替尼（Erlotinib）**：在加拿大国家癌症研究所临床试验组PA.3（NCIC CTG PA.3）试验中，厄洛替尼与吉西他滨联合使用，与单独使用吉西他滨相比，改善了晚期胰腺癌患者的中位总生存期。

2. **西妥昔单抗（Cetuximab）**：在III期SWOG S0205试验中，西妥昔单抗与吉西他滨联合使用，但并未改善晚期胰腺癌患者的总生存期。

3. **尼妥珠单抗（Nimotuzumab）**：在中国进行的一项试验中，尼妥珠单抗与吉西他滨联合使用，在KRAS野生型晚期胰腺癌患者中，与单独使用吉西他滨相比，显著改善了中位总生存期和无进展生存期。

这些研究结果表明，在特定的患者群体中，如KRAS野生型胰腺癌患者，EGFR抑制剂可能提供治疗益处。然而，在更广泛的患者群体中，这些抑制剂的疗效可能有限。

**风险提示：** 本公益项目使用AI技术提供信息，可能存在偏差。一切治疗和判断应以主治医生和患者及其家属意见为准。如果您认为信息偏差会影响您的治疗，请勿使用本工具和内容。本项目已事先告知，不承担任何使用风险。

[推荐使用 [小胰宝网页版](https://chat.xiaoyibao.com.cn)], 保护个人隐私，关注公众号”小胰宝助手“，体验更多AI能力

**今日心语**：成功不是终点，失败不是终结，最重要的是继续前进。”——温斯顿·丘吉尔

**医疗提醒**：请遵循医生的建议，相信专业的力量。

**结语**：您的勇气，定能照亮自己的世界！",1,1,0,,,,,,,,,,,,,
xyb0108,VEGF抑制剂治疗胰腺癌的机理是什么？,VEGF抑制剂治疗胰腺癌的机理是通过抑制VEGF介导的血管生成，减少肿瘤血液供应，从而抑制肿瘤生长。,"血管内皮生长因子（VEGF）抑制剂治疗胰腺癌的机理主要通过阻断肿瘤血管生成过程，从而抑制肿瘤的生长和转移。

### 具体机制包括：
1. **抑制血管生成**：
   - VEGF是一种促进新血管生成的因子，对肿瘤的生长和转移至关重要。
   - VEGF抑制剂通过阻断VEGF与其受体（VEGFR）的结合，抑制肿瘤血管的生成，减少肿瘤的血液供应，从而抑制肿瘤的生长。

2. **减少肿瘤微环境的免疫抑制**：
   - 肿瘤血管生成不仅为肿瘤提供营养和氧气，还招募免疫抑制细胞，如调节性T细胞和肿瘤相关巨噬细胞，形成免疫抑制的微环境。
   - VEGF抑制剂通过减少肿瘤血管生成，降低免疫抑制细胞的浸润，改善肿瘤微环境，增强免疫系统对肿瘤的攻击。

3. **增加肿瘤细胞的凋亡**：
   - VEGF抑制剂通过阻断VEGF信号通路，抑制肿瘤细胞的增殖，并诱导肿瘤细胞的凋亡。
   - 这有助于减少肿瘤负荷，并可能增加其他治疗方法（如化疗或放疗）的疗效。

4. **抑制肿瘤转移**：
   - VEGF抑制剂通过减少肿瘤血管生成，降低肿瘤细胞进入血液循环并转移到其他部位的能力。
   - 这有助于减少肿瘤的转移风险，并可能改善患者的生存率。

### 风险提示：
本公益项目使用AI技术提供信息，可能存在偏差。一切治疗和判断应以主治医生和患者及其家属意见为准。如果您认为信息偏差会影响您的治疗，请勿使用本工具和内容。本项目已事先告知，不承担任何使用风险。

**今日心语**：成功不是终点，失败不是终结，最重要的是继续前进。

**医疗提醒**：请遵循医生的建议，相信专业的力量。

**结语**：微光成炬的前行中，您并不孤单，一起勇敢面对未来！",1,1,1,,,,,,,,,,,,,
xyb0110,MEK抑制剂治疗胰腺癌的机理是什么？,MEK抑制剂治疗胰腺癌的机理是通过抑制MEK1/2，阻断RAS-RAF-MEK-ERK信号通路，从而抑制癌细胞的增殖。,"MEK抑制剂治疗胰腺癌的机理主要涉及其对RAS-RAF-MEK-ERK信号通路的抑制。

1. **RAS-RAF-MEK-ERK信号通路**：在胰腺癌中，RAS基因（尤其是KRAS）的突变非常常见，这些突变导致RAS蛋白的持续激活，进而激活下游的RAF蛋白。RAF蛋白的激活会进一步磷酸化并激活MEK蛋白，MEK蛋白又会磷酸化并激活ERK蛋白。ERK蛋白的激活在细胞增殖、分化和存活中起关键作用。

2. **MEK抑制剂的作用机制**：MEK抑制剂通过与MEK蛋白的活性位点结合，抑制其磷酸化活性，从而阻断RAS-RAF-MEK-ERK信号通路的传导。这可以导致细胞周期停滞、细胞凋亡增加以及肿瘤生长抑制。

3. **联合治疗**：由于RAS-RAF-MEK-ERK信号通路在胰腺癌中的重要性，MEK抑制剂常与其他治疗方法联合使用，如化疗药物、靶向药物或免疫治疗药物，以增强治疗效果。

4. **临床应用**：MEK抑制剂如曲美替尼和比美替尼在临床试验中已显示出对某些类型胰腺癌的治疗潜力，尤其是在与其他治疗方法联合使用时。然而，具体的治疗效果和最佳联合治疗方案仍需进一步研究。

风险提示：本公益项目使用AI技术提供信息，可能存在偏差。一切治疗和判断应以主治医生和患者及其家属意见为准。如果您认为信息偏差会影响您的治疗，请勿使用本工具和内容。本项目已事先告知，不承担任何使用风险。

[推荐使用 [小胰宝网页版](https://chat.xiaoyibao.com.cn)], 保护个人隐私，关注公众号”小胰宝助手“，体验更多AI能力

**今日心语**：成功不是终点，失败不是终结，最重要的是继续前进。”——温斯顿·丘吉尔

**医疗提醒**：请遵循医生的建议，相信专业的力量。

**结语**：您的勇气，定能照亮自己的世界！",1,1,1,,,,,,,,,,,,,
xyb0114,HDAC抑制剂治疗胰腺癌的机理是什么？,HDAC抑制剂治疗胰腺癌的机理是通过抑制HDAC，导致组蛋白乙酰化增加，从而影响基因表达，诱导癌细胞凋亡。,"**HDAC抑制剂治疗胰腺癌的机理**

HDAC（组蛋白脱乙酰化酶）抑制剂通过以下几种机制在治疗胰腺癌中发挥作用：

1. **诱导细胞周期阻滞**：HDAC抑制剂能够抑制组蛋白的脱乙酰化，导致染色质结构松弛，从而增强基因的转录活性。这可以导致细胞周期蛋白和生长因子的表达增加，从而诱导细胞周期阻滞，使癌细胞停止在特定周期阶段，抑制其增殖。

2. **促进细胞凋亡**：HDAC抑制剂能够上调促凋亡基因的表达，如p53和Bax，同时下调抗凋亡基因的表达，如Bcl-2。这导致细胞凋亡增加，从而杀死癌细胞。

3. **诱导自噬**：HDAC抑制剂能够激活自噬相关基因的表达，如Beclin-1和LC3，从而促进自噬过程。自噬是一种细胞降解和循环利用其自身成分的过程，在应激条件下可以导致细胞死亡。

4. **抑制肿瘤血管生成**：HDAC抑制剂能够抑制血管内皮生长因子（VEGF）和其他促血管生成因子的表达，从而抑制肿瘤血管生成，减少肿瘤的血液供应和生长。

5. **增强化疗敏感性**：HDAC抑制剂能够增强癌细胞对化疗药物的敏感性，从而提高化疗的疗效。这可能是通过增加药物在细胞中的积累、抑制药物外排泵或改变药物代谢途径等机制实现的。

这些机制共同作用，使得HDAC抑制剂成为一种有潜力的胰腺癌治疗药物。然而，目前仍需要更多的临床研究来确定其在胰腺癌治疗中的确切作用和最佳使用方法。

**风险提示：本公益项目使用AI技术提供信息，可能存在偏差。一切治疗和判断应以主治医生和患者及其家属意见为准。如果您认为信息偏差会影响您的治疗，请勿使用本工具和内容。本项目已事先告知，不承担任何使用风险。**

[推荐使用 [小胰宝网页版](https://chat.xiaoyibao.com.cn)], 保护个人隐私，关注公众号”小胰宝助手“，体验更多AI能力

**今日心语**：成功不是终点，失败不是终结，最重要的是继续前进。”——温斯顿·丘吉尔

**医疗提醒**：请遵循医生的建议，相信专业的力量。

**结语**：您的勇气，定能照亮自己的世界！",1,1,1,,,,,,,,,,,,,
xyb0116,胰腺癌干细胞靶向治疗的机理是什么？,胰腺癌干细胞靶向治疗的机理是针对胰腺癌干细胞表面的特定标志物，如c-met、CD44、ALDH1、CD133等，进行针对性治疗，以抑制肿瘤的生长和转移。,"胰腺癌干细胞（Cancer Stem Cells，CSCs）是胰腺癌中具有自我更新和多向分化能力的一小部分细胞，它们在肿瘤的发生、发展、侵袭、转移和治疗后复发中起决定性作用。针对胰腺癌干细胞的靶向治疗主要通过以下几种机制发挥作用：

1. **抑制自我更新和多向分化**：胰腺癌干细胞具有干细胞的特性，能够自我更新并分化成多种细胞类型。靶向治疗可以通过抑制这些细胞的自我更新和多向分化能力，减少肿瘤的生长和复发。

2. **阻断信号通路**：胰腺癌干细胞的生长和维持依赖于特定的信号通路，如c-met、CD44、ALDH1、CD133等。靶向治疗可以通过阻断这些信号通路，抑制胰腺癌干细胞的生长和功能。

3. **诱导细胞凋亡**：靶向治疗可以通过诱导胰腺癌干细胞的凋亡，减少肿瘤细胞的数量，从而达到治疗的目的。

4. **抑制耐药性和转移**：胰腺癌干细胞对化疗和放疗等传统治疗方法具有耐药性，并且容易发生转移。靶向治疗可以通过抑制这些细胞的耐药性和转移能力，提高治疗效果。

5. **调控微环境**：胰腺癌干细胞的生长和功能受到肿瘤微环境的影响。靶向治疗可以通过调控肿瘤微环境，如抑制血管生成、调节免疫细胞的功能等，抑制胰腺癌干细胞的生长和功能。

目前，针对胰腺癌干细胞的靶向治疗仍处于研究阶段，但已经取得了一些进展。例如，有研究证实在胰腺癌干细胞中敲除c-met基因或抑制c-met活性，能减少肿瘤微环境的形成，抑制肿瘤生长和转移；CD44在包括胰腺癌在内的多种肿瘤细胞中过表达，其变化在肿瘤的侵袭及转移中有着重要作用，因此CD44及其异构体有助于胰腺癌的早期诊断，也是胰腺癌转移和预后的标志物。这些研究表明，胰腺癌干细胞表面标志物之间存在着复杂的关系，它们的相互作用可能会对胰腺癌干细胞靶向治疗产生影响。目前正在研究或待研究的胰腺癌干细胞标志物，均有可能作为胰腺癌干细胞靶向治疗的靶点。

风险提示：本公益项目使用 AI 技术提供信息，可能存在偏差。一切治疗和判断应以主治医生和患者及其家属意见为准。如果您认为信息偏差会影响您的治疗，请勿使用本工具和内容。本项目已事先告知，不承担任何使用风险。

[推荐使用 [小胰宝网页版](https://chat.xiaoyibao.com.cn)], 保护个人隐私，关注公众号”小胰宝助手“，体验更多AI能力

**今日心语**：成功不是终点，失败不是终结，最重要的是继续前进。”——温斯顿·丘吉尔

**医疗提醒**：""请遵循医生的建议，相信专业的力量。""

**结语**：您的勇气，定能照亮自己的世界！",1,1,1,,,,,,,,,,,,,